met,phase,alt,alt_radar,q,airspeed,vspeed,pitch_cmd,aoa,fpa,thr,dist_rwy
0,TO APPROACH FIX,18619,18619,0.1889,854,-384.2,18,1.9,-26.7,0,199071
1,TO APPROACH FIX,18215,18215,0.2015,845,-390.4,18,16,-27.5,0,199747
2,TO APPROACH FIX,17796,17796,0.2022,810,-395.4,18,29.2,-29.2,0,200394
3,TO APPROACH FIX,17375,17375,0.204,782,-402.3,18,17,-30.9,0,200995
4,TO APPROACH FIX,16946,16946,0.2171,774,-408.2,18,7.7,-31.8,0,201571
5,TO APPROACH FIX,16509,16509,0.2223,746,-412.6,18,22.3,-33.6,0,202125
6,TO APPROACH FIX,16071,16071,0.2215,715,-415.3,18,19.7,-35.5,0,202634
7,TO APPROACH FIX,15629,15629,0.2306,699,-420,18,11.7,-36.9,0,203112
9,TO APPROACH FIX,15181,15181,0.2347,673,-422.2,18,17.7,-38.8,0,203562
10,TO APPROACH FIX,14734,14734,0.2344,645,-422,18,17,-40.9,0,203972
11,TO APPROACH FIX,14286,14286,0.2397,624,-423,18,15.4,-42.6,0,204350
12,TO APPROACH FIX,13838,13838,0.2397,597,-420.7,18,15.3,-44.8,0,204694
13,TO APPROACH FIX,13394,13394,0.2402,573,-417.8,18,16.2,-46.8,0,205003
14,TO APPROACH FIX,12953,12953,0.2397,548,-413.2,18,16.2,-48.9,0,205279
15,TO APPROACH FIX,12518,12518,0.2352,521,-405.5,18,14.8,-51.1,0,205521
16,TO APPROACH FIX,12093,12093,0.2295,494,-395.7,18,16.8,-53.3,0,205729
17,TO APPROACH FIX,11680,11680,0.2184,463,-381.7,18,16.6,-55.7,0,205904
18,TO APPROACH FIX,11284,11284,0.2053,432,-365.6,18,16.2,-58,0,206045
19,TO APPROACH FIX,10906,10906,0.19,400,-347.2,18,17.5,-60.3,0,206155
20,TO APPROACH FIX,10548,10548,0.1728,369,-327,18,17.3,-62.6,0,206235
21,TO APPROACH FIX,10212,10212,0.1572,341,-307.7,18,16.6,-64.7,0,206289
22,TO APPROACH FIX,9895,9895,0.1434,316,-289.6,18,17,-66.6,0,206321
23,TO APPROACH FIX,9596,9596,0.1338,297,-275.9,18,16.1,-68.2,0,206334
24,TO APPROACH FIX,9308,9308,0.1307,286,-268.1,18,14,-69.4,0,206331
25,TO APPROACH FIX,9027,9027,0.1308,279,-262.5,18,13.9,-70.2,0,206316
27,TO APPROACH FIX,8751,8751,0.1316,273,-257.5,18,14.1,-70.5,0,206287
28,TO APPROACH FIX,8481,8481,0.1327,269,-253.3,18,13.5,-70.5,0,206248
29,TO APPROACH FIX,8214,8214,0.1344,265,-249.2,18,13.2,-70.1,0,206197
30,TO APPROACH FIX,7953,7953,0.1361,262,-244.6,18,13.2,-69.2,0,206135
31,TO APPROACH FIX,7696,7696,0.1376,258,-239.4,18,13.2,-68.1,0,206063
32,TO APPROACH FIX,7446,7446,0.1386,254,-233.4,18,12.9,-66.6,0,205981
33,TO APPROACH FIX,7202,7202,0.1393,251,-226.6,18,12.9,-64.8,0,205890
34,TO APPROACH FIX,6966,6966,0.1394,246,-219.1,18,13,-62.8,0,205790
35,TO APPROACH FIX,6738,6738,0.1389,242,-210.7,18,12.9,-60.6,0,205681
36,TO APPROACH FIX,6520,6520,0.1378,237,-201.3,18,13.1,-58.1,0,205565
37,TO APPROACH FIX,6312,6312,0.1359,232,-191.2,18,13.2,-55.5,0,205442
38,TO APPROACH FIX,6115,6115,0.1333,227,-180.2,18,13.3,-52.6,0,205313
39,TO APPROACH FIX,5931,5931,0.13,221,-168.5,18,13.4,-49.7,0,205178
40,TO APPROACH FIX,5759,5759,0.1261,215,-156.1,18,13.5,-46.6,0,205039
41,TO APPROACH FIX,5601,5601,0.1215,209,-143.1,18,13.6,-43.3,0,204896
42,TO APPROACH FIX,5456,5456,0.1163,202,-129.7,18,13.8,-39.9,0,204750
44,TO APPROACH FIX,5326,5326,0.1107,196,-116.2,18,14,-36.5,0.42,204604
45,TO APPROACH FIX,5211,5211,0.1061,190,-103.1,18,14.3,-32.9,0.98,204456
46,TO APPROACH FIX,5109,5109,0.1041,188,-90.5,18,14.8,-28.9,1,204306
47,TO APPROACH FIX,5020,5020,0.1043,187,-77.8,18,15.1,-24.7,1,204152
48,TO APPROACH FIX,4945,4945,0.1062,188,-64.8,18,15.3,-20.3,1,203993
49,TO APPROACH FIX,4884,4884,0.109,189,-51,18,15.5,-15.7,1,203829
50,TO APPROACH FIX,4838,4838,0.1124,192,-36.2,15.3,15.6,-11,0.99,203659
51,TO APPROACH FIX,4809,4809,0.116,195,-20.5,-2.5,15.6,-6.1,0.92,203484
52,TO APPROACH FIX,4796,4796,0.1192,197,-4,-12,15.6,-1.2,0.81,203305
53,TO APPROACH FIX,4802,4802,0.1214,199,13,-12,15.6,3.7,0.72,203124
54,TO APPROACH FIX,4825,4825,0.1219,199,29.9,-12,15.5,8.5,0.7,202943
55,TO APPROACH FIX,4866,4866,0.1207,199,46.4,-12,15.5,13.4,0.78,202766
56,TO APPROACH FIX,4924,4924,0.1183,198,62.3,-12,15.6,18.3,0.92,202594
57,TO APPROACH FIX,4999,4999,0.1156,196,77.8,-12,15.8,23.3,1,202429
58,TO APPROACH FIX,5090,5090,0.1127,195,92.8,-12,15.9,28.3,1,202273
59,TO APPROACH FIX,5196,5196,0.1096,194,107.1,-12,16.1,33.5,1,202126
60,TO APPROACH FIX,5317,5317,0.1063,192,120.3,-12,16.2,38.7,1,201992
62,TO APPROACH FIX,5452,5452,0.1026,190,132.2,-12,16.4,43.9,1,201870
63,TO APPROACH FIX,5598,5598,0.0988,189,142.6,-12,16.5,49.1,1,201763
64,TO APPROACH FIX,5754,5754,0.0949,187,151.4,-12,16,54.1,1,201672
65,TO APPROACH FIX,5918,5918,0.0935,188,158.5,-12,12.6,57.3,0.99,201595
66,TO APPROACH FIX,6088,6088,0.0968,194,163.5,-12,9.8,57.4,0.68,201523
67,TO APPROACH FIX,6261,6261,0.1009,200,162.2,-12,10.8,54.2,0.28,201446
68,TO APPROACH FIX,6426,6426,0.0982,199,149,-12,13.8,48.7,0.43,201352
69,TO APPROACH FIX,6572,6572,0.0908,193,126.8,-12,16.4,41.3,1,201239
70,TO APPROACH FIX,6692,6692,0.0851,189,102.7,-12,15.8,33.1,1,201106
71,TO APPROACH FIX,6787,6787,0.0829,188,78.7,-12,16.2,24.9,1,200955
72,TO APPROACH FIX,6856,6856,0.0828,189,52.3,-12,16.2,16.2,1,200786
73,TO APPROACH FIX,6897,6897,0.086,194,26.1,-12,14.6,7.9,0.79,200601
74,TO APPROACH FIX,6911,6911,0.0927,201,1.2,-2.5,11.9,0.5,0.22,200400
75,TO APPROACH FIX,6902,6902,0.1013,210,-16.9,8.5,4.6,-4.6,0,200187
76,TO APPROACH FIX,6882,6882,0.1083,217,-21.6,8.2,6.9,-5.7,0,199963
77,TO APPROACH FIX,6859,6859,0.11,217,-21.3,5.9,8.7,-5.6,0,199734
78,TO APPROACH FIX,6838,6838,0.1079,215,-18.5,2.5,9.4,-5,0,199507
80,TO APPROACH FIX,6820,6820,0.1042,211,-15.9,0.2,9.3,-4.4,0,199284
81,TO APPROACH FIX,6804,6804,0.1001,206,-14.4,-0.7,8.8,-4,0,199066
82,TO APPROACH FIX,6789,6789,0.096,202,-14.1,-0.5,8.3,-4,0,198852
83,TO APPROACH FIX,6774,6774,0.0921,197,-14.4,0.1,8.1,-4.2,0.25,198643
84,TO APPROACH FIX,6758,6758,0.0893,194,-14.9,0.7,8,-4.4,0.58,198437
85,TO APPROACH FIX,6742,6742,0.0883,193,-15.4,1.2,8,-4.6,0.79,198234
86,TO APPROACH FIX,6725,6725,0.0896,195,-15.7,1.5,7.9,-4.6,0.79,198031
87,TO APPROACH FIX,6709,6709,0.0928,198,-15.8,1.6,7.7,-4.6,0.58,197825
88,TO APPROACH FIX,6692,6692,0.097,202,-15.8,1.8,7.6,-4.5,0.24,197614
89,TO APPROACH FIX,6675,6675,0.1003,205,-15.9,1.9,7.4,-4.4,0,197400
90,TO APPROACH FIX,6658,6658,0.1012,206,-15.9,2.1,7.4,-4.4,0,197184
91,TO APPROACH FIX,6641,6641,0.1002,204,-15.9,2.1,7.4,-4.5,0,196969
92,TO APPROACH FIX,6624,6624,0.0979,201,-15.9,2.1,7.5,-4.5,0,196755
93,TO APPROACH FIX,6608,6608,0.0949,198,-15.7,2.1,7.5,-4.6,0.19,196545
94,TO APPROACH FIX,6591,6591,0.0923,195,-15.6,2,7.5,-4.6,0.48,196338
95,TO APPROACH FIX,6575,6575,0.0911,194,-15.5,1.9,7.4,-4.6,0.68,196134
97,TO APPROACH FIX,6558,6558,0.092,195,-15.3,1.8,7.2,-4.5,0.72,195929
98,TO APPROACH FIX,6542,6542,0.0947,198,-15.3,1.8,7,-4.4,0.56,195723
99,TO APPROACH FIX,6526,6526,0.0984,201,-15.3,1.9,6.9,-4.4,0.27,195513
100,TO APPROACH FIX,6510,6510,0.1017,204,-15.4,2.1,6.8,-4.3,0,195300
101,TO APPROACH FIX,6493,6493,0.1027,205,-15.5,2.3,6.8,-4.3,0,195078
102,TO APPROACH FIX,6476,6476,0.1019,203,-15.5,2.3,6.8,-4.4,0,194859
103,TO APPROACH FIX,6458,6458,0.0998,200,-15.5,2.3,6.9,-4.4,0,194636
104,TO APPROACH FIX,6441,6441,0.0967,197,-15.4,2.2,7,-4.5,0.28,194411
105,TO APPROACH FIX,6423,6423,0.0941,195,-15.2,2,7,-4.5,0.58,194190
106,TO APPROACH FIX,6406,6406,0.0933,194,-15,1.9,6.9,-4.4,0.73,193970
108,TO APPROACH FIX,6389,6389,0.0949,196,-14.9,1.8,6.7,-4.4,0.66,193749
109,TO APPROACH FIX,6372,6372,0.0985,200,-14.9,1.8,6.5,-4.3,0.39,193525
110,TO APPROACH FIX,6355,6355,0.1028,204,-15,1.9,6.4,-4.2,0.04,193296
111,TO APPROACH FIX,6338,6338,0.1053,205,-15.2,2.2,6.4,-4.2,0,193065
112,TO APPROACH FIX,6320,6320,0.1051,204,-15.2,2.2,6.5,-4.3,0,192833
113,TO APPROACH FIX,6303,6303,0.1031,202,-15.2,2.2,6.5,-4.3,0,192603
114,TO APPROACH FIX,6286,6286,0.1,198,-15.2,2.1,6.6,-4.4,0.17,192376
116,TO APPROACH FIX,6268,6268,0.097,195,-15,2,6.6,-4.4,0.48,192153
117,TO APPROACH FIX,6251,6251,0.0954,194,-14.9,1.8,6.6,-4.4,0.69,191933
118,TO APPROACH FIX,6234,6234,0.0962,195,-14.8,1.7,6.4,-4.4,0.71,191713
119,TO APPROACH FIX,6218,6218,0.0993,199,-14.8,1.7,6.3,-4.3,0.5,191490
120,TO APPROACH FIX,6201,6201,0.1036,203,-14.8,1.8,6.1,-4.2,0.15,191263
121,TO APPROACH FIX,6184,6184,0.1071,205,-15,2,6.1,-4.2,0,191032
122,TO APPROACH FIX,6166,6166,0.1078,205,-15.1,2.1,6.2,-4.2,0,190799
124,TO APPROACH FIX,6149,6149,0.1063,203,-15.1,2.1,6.3,-4.3,0,190568
125,TO APPROACH FIX,6132,6132,0.1035,200,-15.1,2,6.3,-4.3,0.05,190340
126,TO APPROACH FIX,6115,6115,0.1002,196,-15,1.9,6.4,-4.4,0.37,190116
127,TO APPROACH FIX,6098,6098,0.0979,194,-14.9,1.7,6.4,-4.4,0.63,189895
128,TO APPROACH FIX,6081,6081,0.0978,195,-14.8,1.6,6.3,-4.4,0.72,189675
129,TO APPROACH FIX,6064,6064,0.1001,197,-14.7,1.5,6.1,-4.3,0.59,189453
130,TO APPROACH FIX,6047,6047,0.1043,201,-14.8,1.6,6,-4.2,0.28,189227
132,TO APPROACH FIX,6030,6030,0.1085,205,-14.9,1.8,5.9,-4.2,0,188997
133,TO APPROACH FIX,6013,6013,0.1101,205,-15,1.9,5.9,-4.2,0,188765
134,TO APPROACH FIX,5996,5996,0.1093,204,-15.1,1.9,6,-4.2,0,188533
135,TO APPROACH FIX,5979,5979,0.1069,201,-15,1.9,6.1,-4.3,0,188304
136,TO APPROACH FIX,5962,5962,0.1036,197,-15,1.8,6.2,-4.4,0.25,188078
137,TO APPROACH FIX,5945,5945,0.1007,195,-14.9,1.6,6.2,-4.4,0.54,187856
138,TO APPROACH FIX,5928,5928,0.0998,194,-14.8,1.5,6.1,-4.4,0.7,187636
139,TO APPROACH FIX,5911,5911,0.1013,196,-14.7,1.4,6,-4.3,0.65,187415
141,TO APPROACH FIX,5894,5894,0.105,200,-14.7,1.4,5.8,-4.2,0.4,187191
142,TO APPROACH FIX,5877,5877,0.1095,204,-14.8,1.5,5.7,-4.2,0.05,186962
143,TO APPROACH FIX,5860,5860,0.1122,205,-15,1.7,5.7,-4.2,0,186730
144,TO APPROACH FIX,5843,5843,0.1122,204,-15,1.8,5.8,-4.2,0,186498
145,TO APPROACH FIX,5826,5826,0.1102,202,-15,1.7,5.9,-4.3,0,186268
146,TO APPROACH FIX,5809,5809,0.107,199,-15,1.6,6,-4.3,0.14,186041
147,TO APPROACH FIX,5792,5792,0.1038,195,-14.9,1.5,6,-4.4,0.45,185818
149,TO APPROACH FIX,5775,5775,0.102,194,-14.8,1.4,6,-4.4,0.67,185597
150,TO APPROACH FIX,5758,5758,0.1027,195,-14.7,1.3,5.9,-4.3,0.69,185376
151,TO APPROACH FIX,5741,5741,0.1059,199,-14.7,1.3,5.7,-4.3,0.49,185153
152,TO APPROACH FIX,5725,5725,0.1104,203,-14.8,1.4,5.6,-4.2,0.16,184926
153,TO APPROACH FIX,5708,5708,0.114,205,-14.9,1.5,5.6,-4.2,0,184695
154,TO APPROACH FIX,5691,5691,0.1148,205,-15,1.6,5.6,-4.2,0,184463
155,TO APPROACH FIX,5673,5673,0.1133,203,-15,1.6,5.7,-4.3,0,184232
157,TO APPROACH FIX,5656,5656,0.1104,200,-15,1.5,5.8,-4.3,0.05,184003
158,TO APPROACH FIX,5639,5639,0.107,196,-14.9,1.4,5.8,-4.4,0.36,183779
159,TO APPROACH FIX,5622,5622,0.1046,194,-14.8,1.3,5.8,-4.4,0.61,183558
160,TO APPROACH FIX,5605,5605,0.1045,195,-14.8,1.2,5.7,-4.3,0.7,183337
161,TO APPROACH FIX,5589,5589,0.107,197,-14.7,1.1,5.6,-4.3,0.56,183115
162,TO APPROACH FIX,5572,5572,0.1113,201,-14.8,1.2,5.5,-4.2,0.26,182889
163,TO APPROACH FIX,5555,5555,0.1156,205,-14.9,1.3,5.4,-4.2,0,182659
165,TO APPROACH FIX,5538,5538,0.1173,205,-15,1.4,5.5,-4.2,0,182426
166,TO APPROACH FIX,5521,5521,0.1163,203,-15,1.4,5.5,-4.2,0,182195
167,TO APPROACH FIX,5504,5504,0.1137,201,-15,1.4,5.6,-4.3,0,181966
168,TO APPROACH FIX,5486,5486,0.1102,197,-14.9,1.3,5.7,-4.3,0.27,181740
169,TO APPROACH FIX,5469,5469,0.1074,195,-14.9,1.2,5.7,-4.4,0.55,181518
170,TO APPROACH FIX,5453,5453,0.1066,194,-14.8,1.1,5.6,-4.4,0.69,181297
171,TO APPROACH FIX,5436,5436,0.1084,197,-14.8,1,5.5,-4.3,0.62,181076
173,TO APPROACH FIX,5419,5419,0.1124,200,-14.8,1.1,5.4,-4.2,0.35,180851
174,TO APPROACH FIX,5402,5402,0.1171,204,-14.9,1.2,5.3,-4.2,0.02,180622
175,TO APPROACH FIX,5385,5385,0.1196,205,-15,1.3,5.3,-4.2,0,180390
176,TO APPROACH FIX,5368,5368,0.1192,204,-15,1.3,5.4,-4.2,0,180158
177,TO APPROACH FIX,5351,5351,0.1169,201,-15,1.3,5.5,-4.3,0,179928
178,TO APPROACH FIX,5334,5334,0.1135,198,-15,1.2,5.5,-4.3,0.19,179701
179,TO APPROACH FIX,5317,5317,0.1103,195,-14.9,1.1,5.5,-4.4,0.48,179478
181,TO APPROACH FIX,5300,5300,0.1088,194,-14.8,1,5.5,-4.4,0.67,179257
182,TO APPROACH FIX,5283,5283,0.11,196,-14.8,0.9,5.4,-4.3,0.65,179036
183,TO APPROACH FIX,5266,5266,0.1136,199,-14.8,0.9,5.3,-4.3,0.42,178812
184,TO APPROACH FIX,5249,5249,0.1184,203,-14.8,1,5.2,-4.2,0.09,178584
185,TO APPROACH FIX,5232,5232,0.1217,205,-14.9,1.1,5.2,-4.2,0,178352
186,TO APPROACH FIX,5215,5215,0.122,204,-15,1.2,5.2,-4.2,0,178120
187,TO APPROACH FIX,5198,5198,0.12,202,-15,1.1,5.3,-4.3,0,177889
189,TO APPROACH FIX,5181,5181,0.1168,199,-15,1.1,5.4,-4.3,0.11,177662
190,TO APPROACH FIX,5164,5164,0.1133,196,-14.9,1,5.4,-4.4,0.42,177438
191,TO APPROACH FIX,5147,5147,0.1113,194,-14.8,0.9,5.4,-4.4,0.64,177217
192,TO APPROACH FIX,5130,5130,0.1119,195,-14.8,0.8,5.3,-4.3,0.67,176996
193,TO APPROACH FIX,5113,5113,0.1151,198,-14.8,0.8,5.2,-4.3,0.48,176773
194,TO APPROACH FIX,5096,5096,0.1199,202,-14.8,0.9,5.1,-4.2,0.16,176546
195,TO APPROACH FIX,5079,5079,0.1238,205,-14.9,1,5.1,-4.2,0,176314
196,TO APPROACH FIX,5062,5062,0.1246,205,-15,1,5.1,-4.2,0,176082
198,TO APPROACH FIX,5045,5045,0.1231,203,-15,1,5.2,-4.2,0,175851
199,TO APPROACH FIX,5028,5028,0.12,200,-15,0.9,5.2,-4.3,0.05,175623
200,TO APPROACH FIX,5011,5011,0.1163,196,-14.9,0.8,5.3,-4.4,0.36,175398
201,TO APPROACH FIX,4994,4994,0.1139,195,-14.8,0.8,5.2,-4.4,0.6,175176
202,TO APPROACH FIX,4977,4977,0.1139,195,-14.8,0.7,5.2,-4.4,0.67,174955
203,TO APPROACH FIX,4960,4960,0.1167,198,-14.8,0.7,5.1,-4.3,0.53,174733
204,TO APPROACH FIX,4943,4943,0.1214,202,-14.8,0.7,5,-4.2,0.22,174506
206,TO APPROACH FIX,4926,4926,0.1258,204,-14.9,0.8,4.9,-4.2,0,174276
207,TO APPROACH FIX,4909,4909,0.1272,205,-15,0.9,5,-4.2,0,174043
208,TO APPROACH FIX,4892,4892,0.126,203,-15,0.9,5,-4.2,0,173812
209,TO APPROACH FIX,4875,4875,0.1231,200,-15,0.8,5.1,-4.3,0,173583
210,TO APPROACH FIX,4858,4858,0.1194,197,-14.9,0.7,5.1,-4.3,0.3,173358
211,TO APPROACH FIX,4841,4841,0.1165,195,-14.9,0.6,5.1,-4.4,0.56,173135
212,TO APPROACH FIX,4824,4824,0.1161,195,-14.8,0.6,5.1,-4.4,0.67,172915
214,TO APPROACH FIX,4807,4807,0.1185,197,-14.8,0.6,5,-4.3,0.56,172692
215,TO APPROACH FIX,4790,4790,0.1231,201,-14.8,0.6,4.9,-4.2,0.27,172466
216,TO APPROACH FIX,4773,4773,0.1278,204,-14.9,0.7,4.8,-4.2,0,172236
217,TO APPROACH FIX,4756,4756,0.1298,205,-15,0.8,4.8,-4.2,0,172004
218,TO APPROACH FIX,4739,4739,0.1289,203,-15,0.7,4.9,-4.2,0,171772
219,TO APPROACH FIX,4722,4722,0.1262,201,-15,0.7,4.9,-4.3,0,171543
220,TO APPROACH FIX,4705,4705,0.1224,197,-14.9,0.6,5,-4.3,0.25,171317
222,TO APPROACH FIX,4688,4688,0.1193,195,-14.9,0.5,5,-4.4,0.53,171094
223,TO APPROACH FIX,4671,4671,0.1184,195,-14.8,0.5,5,-4.4,0.66,170873
224,TO APPROACH FIX,4654,4654,0.1205,197,-14.8,0.4,4.9,-4.3,0.58,170651
225,TO APPROACH FIX,4637,4637,0.1249,200,-14.8,0.5,4.8,-4.2,0.32,170426
226,TO APPROACH FIX,4621,4621,0.1299,204,-14.9,0.5,4.7,-4.2,0,170196
227,TO APPROACH FIX,4604,4604,0.1323,205,-15,0.6,4.7,-4.2,0,169964
228,TO APPROACH FIX,4586,4586,0.1318,204,-15,0.6,4.8,-4.2,0,169732
230,TO APPROACH FIX,4569,4569,0.1292,201,-15,0.6,4.8,-4.3,0,169502
231,TO APPROACH FIX,4552,4552,0.1254,198,-14.9,0.5,4.9,-4.3,0.22,169276
232,TO APPROACH FIX,4535,4535,0.1221,195,-14.9,0.4,4.9,-4.4,0.5,169053
233,TO APPROACH FIX,4518,4518,0.1209,195,-14.8,0.4,4.8,-4.4,0.65,168832
234,TO APPROACH FIX,4501,4501,0.1226,197,-14.8,0.3,4.8,-4.3,0.59,168610
235,TO APPROACH FIX,4485,4485,0.1269,200,-14.8,0.4,4.7,-4.3,0.34,168385
236,TO APPROACH FIX,4468,4468,0.132,204,-14.9,0.4,4.6,-4.2,0.02,168156
238,TO APPROACH FIX,4451,4451,0.1349,205,-15,0.5,4.6,-4.2,0,167924
239,TO APPROACH FIX,4433,4433,0.1346,204,-15,0.5,4.7,-4.2,0,167692
240,TO APPROACH FIX,4416,4416,0.1321,201,-15,0.5,4.7,-4.3,0,167461
241,TO APPROACH FIX,4399,4399,0.1284,198,-14.9,0.4,4.7,-4.3,0.19,167235
242,TO APPROACH FIX,4382,4382,0.1248,195,-14.9,0.3,4.8,-4.4,0.47,167011
243,TO APPROACH FIX,4365,4365,0.1234,195,-14.8,0.3,4.7,-4.4,0.64,166790
244,TO APPROACH FIX,4348,4348,0.1249,196,-14.8,0.2,4.7,-4.3,0.6,166568
246,TO APPROACH FIX,4332,4332,0.1291,200,-14.8,0.3,4.6,-4.3,0.36,166343
247,TO APPROACH FIX,4315,4315,0.1344,203,-14.9,0.3,4.5,-4.2,0.04,166114
248,TO APPROACH FIX,4298,4298,0.1375,205,-15,0.4,4.5,-4.2,0,165882
249,TO APPROACH FIX,4280,4280,0.1373,204,-15,0.4,4.5,-4.2,0,165650
250,TO APPROACH FIX,4263,4263,0.1349,201,-15,0.3,4.6,-4.3,0,165420
251,TO APPROACH FIX,4246,4246,0.1312,198,-14.9,0.3,4.6,-4.3,0.17,165193
252,TO APPROACH FIX,4229,4229,0.1275,196,-14.9,0.2,4.6,-4.4,0.46,164969
253,TO APPROACH FIX,4212,4212,0.1259,195,-14.9,0.2,4.6,-4.4,0.63,164748
255,TO APPROACH FIX,4195,4195,0.1273,196,-14.8,0.1,4.6,-4.3,0.6,164526
256,TO APPROACH FIX,4178,4178,0.1315,200,-14.9,0.2,4.5,-4.3,0.37,164301
257,TO APPROACH FIX,4162,4162,0.1369,203,-14.9,0.2,4.4,-4.2,0.05,164073
258,TO APPROACH FIX,4145,4145,0.1401,205,-15,0.3,4.4,-4.2,0,163841
259,TO APPROACH FIX,4127,4127,0.1401,204,-15,0.3,4.4,-4.2,0,163608
260,TO APPROACH FIX,4110,4110,0.1377,201,-15,0.2,4.5,-4.3,0,163378
261,TO APPROACH FIX,4093,4093,0.1339,198,-14.9,0.2,4.5,-4.3,0.16,163151
263,TO APPROACH FIX,4076,4076,0.1302,196,-14.9,0.1,4.5,-4.4,0.45,162927
264,TO APPROACH FIX,4059,4059,0.1285,195,-14.9,0.1,4.5,-4.4,0.62,162706
265,TO APPROACH FIX,4042,4042,0.1299,196,-14.8,0,4.5,-4.3,0.59,162484
266,TO APPROACH FIX,4025,4025,0.1342,200,-14.9,0.1,4.4,-4.3,0.37,162259
267,TO APPROACH FIX,4008,4008,0.1396,203,-14.9,0.1,4.3,-4.2,0.05,162030
268,TO APPROACH FIX,3991,3991,0.1429,205,-15,0.2,4.3,-4.2,0,161798
269,TO APPROACH FIX,3974,3974,0.1428,204,-15,0.2,4.3,-4.2,0,161566
271,TO APPROACH FIX,3957,3957,0.1403,201,-15,0.1,4.4,-4.3,0,161336
272,TO APPROACH FIX,3940,3940,0.1365,198,-14.9,0.1,4.4,-4.3,0.17,161108
273,TO APPROACH FIX,3923,3923,0.1327,196,-14.9,0,4.4,-4.4,0.45,160885
274,TO APPROACH FIX,3906,3906,0.1311,195,-14.9,0,4.4,-4.4,0.62,160663
275,TO APPROACH FIX,3889,3889,0.1326,196,-14.9,-0.1,4.4,-4.3,0.58,160441
276,TO APPROACH FIX,3872,3872,0.137,200,-14.9,0,4.3,-4.3,0.35,160216
277,TO APPROACH FIX,3855,3855,0.1425,203,-14.9,0,4.2,-4.2,0.03,159987
279,TO APPROACH FIX,3838,3838,0.1457,205,-15,0.1,4.2,-4.2,0,159755
280,TO APPROACH FIX,3821,3821,0.1455,204,-15,0.1,4.2,-4.2,0,159523
281,TO APPROACH FIX,3804,3804,0.1429,201,-15,0,4.3,-4.3,0,159293
282,TO APPROACH FIX,3787,3787,0.139,198,-14.9,0,4.3,-4.3,0.18,159066
283,TO APPROACH FIX,3770,3770,0.1352,195,-14.9,-0.1,4.3,-4.4,0.46,158842
284,TO APPROACH FIX,3753,3753,0.1337,195,-14.9,-0.1,4.3,-4.4,0.61,158620
285,TO APPROACH FIX,3736,3736,0.1355,197,-14.9,-0.1,4.3,-4.3,0.57,158398
287,TO APPROACH FIX,3719,3719,0.1401,200,-14.9,-0.1,4.2,-4.3,0.32,158173
288,TO APPROACH FIX,3702,3702,0.1456,203,-14.9,-0.1,4.1,-4.2,0.01,157944
289,TO APPROACH FIX,3685,3685,0.1486,205,-15,0,4.1,-4.2,0,157712
290,TO APPROACH FIX,3668,3668,0.1481,203,-15,-0.1,4.1,-4.2,0,157479
291,TO APPROACH FIX,3651,3651,0.1454,201,-15,-0.1,4.2,-4.3,0,157249
292,TO APPROACH FIX,3634,3634,0.1413,198,-14.9,-0.1,4.2,-4.3,0.21,157023
293,TO APPROACH FIX,3617,3617,0.1377,195,-14.9,-0.2,4.2,-4.4,0.48,156799
295,TO APPROACH FIX,3600,3600,0.1365,195,-14.9,-0.2,4.2,-4.4,0.61,156577
296,TO APPROACH FIX,3583,3583,0.1386,197,-14.9,-0.2,4.2,-4.3,0.54,156355
297,TO APPROACH FIX,3566,3566,0.1435,200,-14.9,-0.2,4.1,-4.3,0.28,156129
298,TO APPROACH FIX,3549,3549,0.149,204,-14.9,-0.2,4,-4.2,0,155899
299,TO APPROACH FIX,3532,3532,0.1515,204,-15,-0.1,4,-4.2,0,155667
300,TO APPROACH FIX,3515,3515,0.1507,203,-15,-0.2,4,-4.2,0,155435
301,TO APPROACH FIX,3498,3498,0.1477,201,-15,-0.2,4.1,-4.3,0,155206
303,TO APPROACH FIX,3481,3481,0.1435,197,-14.9,-0.2,4.1,-4.3,0.24,154979
304,TO APPROACH FIX,3464,3464,0.14,195,-14.9,-0.3,4.1,-4.4,0.5,154756
305,TO APPROACH FIX,3447,3447,0.1393,195,-14.9,-0.3,4.1,-4.4,0.61,154534
306,TO APPROACH FIX,3430,3430,0.1419,197,-14.9,-0.3,4,-4.3,0.51,154311
307,TO APPROACH FIX,3413,3413,0.1471,201,-14.9,-0.3,4,-4.3,0.23,154085
308,TO APPROACH FIX,3396,3396,0.1525,204,-14.9,-0.3,3.9,-4.2,0,153855
309,TO APPROACH FIX,3379,3379,0.1545,204,-15,-0.2,3.9,-4.2,0,153622
310,TO APPROACH FIX,3362,3362,0.1532,203,-15,-0.3,4,-4.2,0,153391
312,TO APPROACH FIX,3345,3345,0.1499,200,-14.9,-0.3,4,-4.3,0.01,153162
313,TO APPROACH FIX,3328,3328,0.1456,197,-14.9,-0.3,4,-4.3,0.29,152936
314,TO APPROACH FIX,3311,3311,0.1424,195,-14.9,-0.4,4,-4.4,0.53,152713
315,TO APPROACH FIX,3294,3294,0.1423,195,-14.9,-0.4,4,-4.4,0.6,152491
316,TO APPROACH FIX,3277,3277,0.1455,198,-14.9,-0.4,3.9,-4.3,0.46,152268
317,TO APPROACH FIX,3260,3260,0.1511,202,-14.9,-0.4,3.9,-4.2,0.16,152040
318,TO APPROACH FIX,3243,3243,0.1561,204,-15,-0.3,3.8,-4.2,0,151809
320,TO APPROACH FIX,3226,3226,0.1573,204,-15,-0.3,3.9,-4.2,0,151577
321,TO APPROACH FIX,3209,3209,0.1555,202,-15,-0.4,3.9,-4.2,0,151346
322,TO APPROACH FIX,3192,3192,0.1519,199,-14.9,-0.4,3.9,-4.3,0.06,151117
323,TO APPROACH FIX,3175,3175,0.1475,196,-14.9,-0.4,3.9,-4.4,0.35,150892
324,TO APPROACH FIX,3158,3158,0.1449,195,-14.9,-0.5,3.9,-4.4,0.55,150669
325,TO APPROACH FIX,3141,3141,0.1455,196,-14.9,0.5,4,-4.4,0.58,150447
326,TO APPROACH FIX,3124,3124,0.1493,199,-14.1,1.1,4.3,-4.1,0.42,150223
328,TO APPROACH FIX,3109,3109,0.1545,202,-12.6,1.3,4.3,-3.6,0.15,149996
329,TO APPROACH FIX,3095,3095,0.1585,204,-11.1,1.3,4.3,-3.1,0,149765
330,TO APPROACH FIX,3084,3084,0.1586,203,-9.7,1.4,4.2,-2.8,0,149534
331,TO APPROACH FIX,3073,3073,0.1556,200,-8.6,1.6,4.2,-2.5,0,149305
332,TO APPROACH FIX,3064,3064,0.1509,197,-7.6,1.8,4.2,-2.2,0.28,149080
333,TO APPROACH FIX,3056,3056,0.147,195,-6.8,2,4.2,-2,0.54,148857
334,TO APPROACH FIX,3049,3049,0.1461,195,-6,2.1,4.1,-1.8,0.65,148637
336,TO APPROACH FIX,3042,3042,0.1491,198,-5.3,2.2,4,-1.5,0.52,148415
337,TO APPROACH FIX,3036,3036,0.1549,201,-4.7,2.4,3.9,-1.3,0.21,148189
338,TO APPROACH FIX,3031,3031,0.1603,204,-4.2,2.7,3.8,-1.2,0,147959
339,TO APPROACH FIX,3027,3027,0.1617,204,-3.8,3,3.9,-1.1,0,147728
340,TO APPROACH FIX,3023,3023,0.1593,202,-3.4,3.2,3.9,-1,0,147497
341,TO APPROACH FIX,3019,3019,0.1547,199,-3,3.3,4,-0.9,0.11,147270
342,TO APPROACH FIX,3016,3016,0.1493,196,-2.6,3.3,4,-0.8,0.44,147047
344,TO APPROACH FIX,3013,3013,0.1463,194,-2.1,3.1,4,-0.6,0.66,146827
345,TO APPROACH FIX,3011,3011,0.1472,196,-1.7,3.1,3.9,-0.5,0.65,146607
346,TO APPROACH FIX,3009,3009,0.1521,199,-1.4,3.1,3.7,-0.4,0.4,146384
347,TO APPROACH FIX,3008,3008,0.1588,204,-1.3,3.3,3.7,-0.4,0.04,146156
348,TO APPROACH FIX,3006,3006,0.1628,205,-1.3,3.6,3.7,-0.4,0,145925
349,TO APPROACH FIX,3005,3005,0.1623,204,-1.2,3.7,3.8,-0.3,0,145694
350,TO APPROACH FIX,3004,3004,0.1587,201,-1.1,3.8,3.9,-0.3,0,145464
352,TO APPROACH FIX,3002,3002,0.1532,198,-0.9,3.8,3.9,-0.3,0.22,145239
353,TO APPROACH FIX,3001,3001,0.1481,195,-0.7,3.6,4,-0.2,0.54,145017
354,TO APPROACH FIX,3001,3001,0.1461,194,-0.4,3.5,3.9,-0.1,0.7,144797
355,TO APPROACH FIX,3000,3000,0.1485,197,-0.2,3.4,3.8,-0.1,0.61,144577
356,TO APPROACH FIX,3000,3000,0.1544,201,-0.1,3.4,3.6,0,0.29,144353
357,TO APPROACH FIX,3000,3000,0.161,205,-0.2,3.6,3.6,-0.1,0,144124
358,TO APPROACH FIX,3000,3000,0.1636,205,-0.3,3.8,3.7,-0.1,0,143892
360,TO APPROACH FIX,2999,2999,0.1619,204,-0.4,3.9,3.8,-0.1,0,143661
361,TO APPROACH FIX,2999,2999,0.1575,201,-0.3,3.9,3.9,-0.1,0,143432
362,TO APPROACH FIX,2999,2999,0.1518,197,-0.2,3.9,3.9,-0.1,0.31,143208
363,TO APPROACH FIX,2998,2998,0.1472,194,-0.1,3.7,3.9,0,0.6,142987
364,TO APPROACH FIX,2998,2998,0.1463,195,0.1,3.5,3.8,0,0.7,142768
365,TO APPROACH FIX,2999,2999,0.1498,198,0.2,3.4,3.7,0.1,0.54,142547
366,TO APPROACH FIX,2999,2999,0.1564,202,0.2,3.5,3.6,0.1,0.18,142321
367,TO APPROACH FIX,2999,2999,0.1623,205,0,3.7,3.6,0,0,142091
369,TO APPROACH FIX,2999,2999,0.1636,205,-0.1,3.9,3.7,0,0,141859
370,TO APPROACH FIX,2999,2999,0.1611,203,-0.2,4,3.8,-0.1,0,141628
371,TO APPROACH FIX,2999,2999,0.1562,200,-0.2,4,3.9,0,0.05,141400
372,TO APPROACH FIX,2998,2998,0.1504,196,-0.1,3.9,3.9,0,0.39,141177
373,TO APPROACH FIX,2998,2998,0.1465,194,0.1,3.7,3.9,0,0.65,140957
374,TO APPROACH FIX,2999,2999,0.1467,195,0.2,3.5,3.8,0.1,0.69,140737
375,TO APPROACH FIX,2999,2999,0.1513,199,0.3,3.4,3.6,0.1,0.46,140515
377,TO APPROACH FIX,2999,2999,0.1582,203,0.2,3.5,3.6,0.1,0.08,140288
378,TO APPROACH FIX,2999,2999,0.1631,205,0,3.8,3.6,0,0,140057
379,TO APPROACH FIX,2999,2999,0.1633,205,-0.1,3.9,3.7,0,0,139825
380,TO APPROACH FIX,2999,2999,0.1601,202,-0.2,4,3.8,0,0,139595
381,TO APPROACH FIX,2999,2999,0.1548,199,-0.1,4,3.9,0,0.13,139369
382,TO APPROACH FIX,2999,2999,0.1492,195,0,3.8,3.9,0,0.47,139146
383,TO APPROACH FIX,2999,2999,0.1462,194,0.1,3.6,3.9,0,0.69,138926
385,TO APPROACH FIX,2999,2999,0.1475,196,0.3,3.5,3.7,0.1,0.66,138706
386,TO APPROACH FIX,3000,3000,0.1528,200,0.3,3.4,3.6,0.1,0.38,138483
387,TO APPROACH FIX,3000,3000,0.1598,204,0.2,3.6,3.5,0.1,0,138255
388,TO APPROACH FIX,3000,3000,0.1635,205,0,3.8,3.6,0,0,138024
389,TO APPROACH FIX,3000,3000,0.1627,204,-0.2,3.9,3.7,0,0,137792
390,TO APPROACH FIX,3000,3000,0.1589,201,-0.2,4,3.8,0,0,137562
391,TO APPROACH FIX,2999,2999,0.1533,198,-0.1,3.9,3.9,0,0.22,137337
393,TO APPROACH FIX,2999,2999,0.1481,195,0,3.8,3.9,0,0.54,137115
394,TO APPROACH FIX,2999,2999,0.1461,194,0.1,3.6,3.8,0,0.7,136911
395,TO APPROACH FIX,3000,3000,0.148,197,0.2,3.4,3.7,0.1,0.61,136685
396,TO APPROACH FIX,3000,3000,0.1542,201,0.3,3.4,3.6,0.1,0.26,136449
397,TO APPROACH FIX,3000,3000,0.1613,205,0.1,3.7,3.5,0,0,136207
398,TO APPROACH FIX,3000,3000,0.1639,205,-0.1,3.9,3.6,0,0,135963
400,TO APPROACH FIX,3000,3000,0.162,203,-0.2,3.9,3.7,-0.1,0,135719
401,TO APPROACH FIX,3000,3000,0.1572,200,-0.2,3.9,3.8,0,0.02,135479
402,TO APPROACH FIX,3000,3000,0.151,196,-0.1,3.9,3.9,0,0.39,135244
403,TO APPROACH FIX,3000,3000,0.1464,194,0.1,3.6,3.9,0,0.68,135012
404,TO APPROACH FIX,3000,3000,0.1464,195,0.2,3.4,3.7,0.1,0.71,134781
406,TO APPROACH FIX,3000,3000,0.1514,199,0.3,3.3,3.6,0.1,0.43,134547
407,TO APPROACH FIX,3000,3000,0.1592,204,0.2,3.5,3.5,0.1,0,134307
408,TO APPROACH FIX,3000,3000,0.1642,206,-0.1,3.8,3.6,0,0,134062
409,TO APPROACH FIX,3000,3000,0.1639,205,-0.2,3.9,3.7,-0.1,0,133817
410,TO APPROACH FIX,3000,3000,0.1601,202,-0.2,3.9,3.8,-0.1,0,133575
412,TO APPROACH FIX,3000,3000,0.1541,198,-0.1,3.9,3.9,0,0.2,133337
413,TO APPROACH FIX,3000,3000,0.1482,194,0,3.7,3.9,0,0.56,133104
414,TO APPROACH FIX,3000,3000,0.1457,194,0.2,3.5,3.8,0,0.74,132873
415,TO APPROACH FIX,3000,3000,0.1483,197,0.3,3.3,3.7,0.1,0.61,132641
416,TO APPROACH FIX,3000,3000,0.1552,202,0.2,3.4,3.5,0.1,0.21,132404
418,TO APPROACH FIX,3000,3000,0.1625,206,0,3.7,3.5,0,0,132161
419,TO APPROACH FIX,3000,3000,0.1648,206,-0.2,3.9,3.6,0,0,131916
420,TO APPROACH FIX,3000,3000,0.1626,204,-0.2,3.9,3.7,-0.1,0,131672
421,TO APPROACH FIX,3000,3000,0.1575,200,-0.2,3.9,3.8,-0.1,0,131431
422,TO APPROACH FIX,3000,3000,0.1512,196,-0.1,3.8,3.9,0,0.38,131195
424,TO APPROACH FIX,3000,3000,0.1464,194,0.1,3.6,3.9,0,0.68,130963
425,TO APPROACH FIX,3000,3000,0.1462,195,0.2,3.4,3.7,0.1,0.72,130732
426,TO APPROACH FIX,3000,3000,0.1511,199,0.3,3.3,3.6,0.1,0.45,130498
427,TO APPROACH FIX,3000,3000,0.159,204,0.2,3.5,3.5,0,0,130258
428,TO APPROACH FIX,3000,3000,0.1643,206,-0.1,3.8,3.6,0,0,130014
430,TO APPROACH FIX,3000,3000,0.1643,205,-0.2,3.9,3.7,-0.1,0,129769
431,TO APPROACH FIX,3000,3000,0.1605,202,-0.2,3.9,3.8,-0.1,0,129526
432,TO APPROACH FIX,3000,3000,0.1547,198,-0.2,3.9,3.8,0,0.17,129287
433,TO APPROACH FIX,3000,3000,0.1486,195,0,3.7,3.9,0,0.54,129053
434,TO APPROACH FIX,3000,3000,0.1457,194,0.1,3.5,3.8,0,0.74,128822
436,TO APPROACH FIX,3000,3000,0.1479,197,0.3,3.3,3.7,0.1,0.63,128590
437,TO APPROACH FIX,3000,3000,0.1547,202,0.2,3.4,3.5,0.1,0.24,128354
438,TO APPROACH FIX,3000,3000,0.1622,206,0,3.7,3.5,0,0,128111
439,TO APPROACH FIX,3000,3000,0.1649,206,-0.2,3.9,3.6,0,0,127866
440,TO APPROACH FIX,3000,3000,0.1629,204,-0.2,3.9,3.7,-0.1,0,127621
442,TO APPROACH FIX,3000,3000,0.158,200,-0.2,3.9,3.8,-0.1,0,127380
443,TO APPROACH FIX,3000,3000,0.1517,196,-0.1,3.8,3.9,0,0.35,127144
444,TO APPROACH FIX,3000,3000,0.1467,194,0,3.6,3.8,0,0.66,126912
445,TO APPROACH FIX,3000,3000,0.1461,195,0.2,3.4,3.7,0.1,0.73,126681
446,TO APPROACH FIX,3000,3000,0.1506,199,0.3,3.3,3.6,0.1,0.48,126447
448,TO APPROACH FIX,3000,3000,0.1584,204,0.2,3.5,3.5,0.1,0.03,126208
449,TO APPROACH FIX,3000,3000,0.1641,206,-0.1,3.8,3.5,0,0,125963
450,TO APPROACH FIX,3000,3000,0.1644,205,-0.2,3.9,3.7,-0.1,0,125718
451,TO APPROACH FIX,3000,3000,0.1609,202,-0.2,3.9,3.8,-0.1,0,125475
452,TO APPROACH FIX,3000,3000,0.1552,198,-0.2,3.9,3.8,0,0.14,125236
454,TO APPROACH FIX,3000,3000,0.149,195,0,3.7,3.9,0,0.52,125001
455,TO APPROACH FIX,3000,3000,0.1457,194,0.1,3.5,3.8,0,0.73,124770
456,TO APPROACH FIX,3000,3000,0.1476,196,0.3,3.3,3.7,0.1,0.64,124538
457,TO APPROACH FIX,3000,3000,0.1541,201,0.2,3.3,3.5,0.1,0.27,124302
458,TO APPROACH FIX,3000,3000,0.1618,205,0.1,3.6,3.5,0,0,124060
460,TO APPROACH FIX,3000,3000,0.1648,206,-0.1,3.8,3.6,0,0,123814
461,TO APPROACH FIX,3000,3000,0.1631,204,-0.2,3.9,3.7,-0.1,0,123570
462,TO APPROACH FIX,3000,3000,0.1584,201,-0.2,3.9,3.8,-0.1,0,123328
463,TO APPROACH FIX,3000,3000,0.1521,197,-0.1,3.8,3.9,0,0.33,123092
464,TO APPROACH FIX,3000,3000,0.1469,194,0,3.6,3.8,0,0.65,122859
466,TO APPROACH FIX,3000,3000,0.146,195,0.2,3.4,3.7,0.1,0.73,122628
467,TO APPROACH FIX,3000,3000,0.1502,199,0.3,3.3,3.6,0.1,0.49,122395
468,TO APPROACH FIX,3000,3000,0.1579,204,0.2,3.4,3.5,0.1,0.06,122155
469,TO APPROACH FIX,3000,3000,0.1639,206,-0.1,3.8,3.5,0,0,121911
470,TO APPROACH FIX,3000,3000,0.1645,205,-0.2,3.9,3.6,-0.1,0,121666
472,TO APPROACH FIX,3000,3000,0.1611,203,-0.2,3.9,3.7,-0.1,0,121422
473,TO APPROACH FIX,3000,3000,0.1555,199,-0.2,3.9,3.8,0,0.12,121183
474,TO APPROACH FIX,3000,3000,0.1492,195,-0.1,3.7,3.9,0,0.5,120948
475,TO APPROACH FIX,3000,3000,0.1458,194,0.1,3.5,3.8,0,0.73,120717
476,TO APPROACH FIX,3000,3000,0.1474,196,0.2,3.3,3.6,0.1,0.65,120485
478,TO APPROACH FIX,3000,3000,0.1537,201,0.2,3.3,3.5,0.1,0.29,120249
479,TO APPROACH FIX,3000,3000,0.1615,205,0.1,3.6,3.5,0,0,120007
480,TO APPROACH FIX,3000,3000,0.1648,206,-0.1,3.8,3.6,0,0,119762
481,TO APPROACH FIX,3000,3000,0.1632,204,-0.2,3.9,3.7,-0.1,0,119517
482,TO APPROACH FIX,3000,3000,0.1586,201,-0.2,3.9,3.8,-0.1,0,119275
484,TO APPROACH FIX,3000,3000,0.1523,197,-0.1,3.8,3.8,0,0.31,119038
485,TO APPROACH FIX,3000,3000,0.147,194,0,3.6,3.8,0,0.64,118806
486,TO APPROACH FIX,3000,3000,0.1459,195,0.2,3.4,3.7,0.1,0.73,118574
487,TO APPROACH FIX,3000,3000,0.15,198,0.3,3.3,3.6,0.1,0.51,118341
488,TO APPROACH FIX,3000,3000,0.1576,203,0.2,3.4,3.5,0.1,0.07,118102
490,TO APPROACH FIX,3000,3000,0.1638,206,0,3.7,3.5,0,0,117857
491,TO APPROACH FIX,3000,3000,0.1645,205,-0.2,3.8,3.6,0,0,117612
492,TO APPROACH FIX,3000,3000,0.1613,203,-0.2,3.9,3.7,-0.1,0,117368
493,TO APPROACH FIX,3000,3000,0.1557,199,-0.2,3.8,3.8,0,0.11,117129
494,TO APPROACH FIX,3000,3000,0.1494,195,-0.1,3.7,3.8,0,0.49,116894
496,TO APPROACH FIX,3000,3000,0.1458,194,0.1,3.5,3.8,0,0.72,116663
497,TO APPROACH FIX,3000,3000,0.1473,196,0.2,3.3,3.6,0.1,0.66,116431
498,TO APPROACH FIX,3000,3000,0.1535,201,0.2,3.3,3.5,0.1,0.31,116195
499,TO APPROACH FIX,3000,3000,0.1613,205,0.1,3.6,3.5,0,0,115953
500,TO APPROACH FIX,3000,3000,0.1647,206,-0.1,3.8,3.6,0,0,115707
502,TO APPROACH FIX,3000,3000,0.1633,204,-0.2,3.9,3.7,-0.1,0,115462
503,TO APPROACH FIX,3000,3000,0.1587,201,-0.2,3.8,3.8,-0.1,0,115221
504,TO APPROACH FIX,3000,3000,0.1525,197,-0.1,3.8,3.8,0,0.3,114983
505,TO APPROACH FIX,3000,3000,0.1471,194,0,3.6,3.8,0,0.63,114751
506,TO APPROACH FIX,3000,3000,0.1459,194,0.2,3.4,3.7,0,0.73,114519
508,TO APPROACH FIX,3000,3000,0.1499,198,0.3,3.3,3.6,0.1,0.51,114286
509,TO APPROACH FIX,3000,3000,0.1575,203,0.2,3.4,3.5,0.1,0.08,114047
510,TO APPROACH FIX,3000,3000,0.1637,206,0,3.7,3.5,0,0,113802
511,TO APPROACH FIX,3000,3000,0.1645,205,-0.2,3.8,3.6,0,0,113557
512,TO APPROACH FIX,3000,3000,0.1613,203,-0.2,3.8,3.7,-0.1,0,113313
514,TO APPROACH FIX,3000,3000,0.1558,199,-0.2,3.8,3.8,0,0.11,113074
515,TO APPROACH FIX,3000,3000,0.1495,195,-0.1,3.7,3.8,0,0.48,112839
516,TO APPROACH FIX,3000,3000,0.1459,194,0.1,3.5,3.8,0,0.72,112607
517,TO APPROACH FIX,3000,3000,0.1473,196,0.2,3.3,3.6,0.1,0.66,112375
518,TO APPROACH FIX,3000,3000,0.1534,201,0.2,3.3,3.5,0.1,0.31,112139
520,TO APPROACH FIX,3000,3000,0.1612,205,0.1,3.5,3.4,0,0,111897
521,TO APPROACH FIX,3000,3000,0.1647,206,-0.1,3.8,3.5,0,0,111652
522,TO APPROACH FIX,3000,3000,0.1633,204,-0.2,3.8,3.6,-0.1,0,111407
523,TO APPROACH FIX,3000,3000,0.1587,201,-0.2,3.8,3.7,-0.1,0,111165
524,TO APPROACH FIX,3000,3000,0.1525,197,-0.1,3.8,3.8,0,0.3,110927
526,TO APPROACH FIX,3000,3000,0.1471,194,0,3.6,3.8,0,0.63,110695
527,TO APPROACH FIX,3000,3000,0.1459,194,0.2,3.4,3.7,0,0.73,110463
528,TO APPROACH FIX,3000,3000,0.1499,198,0.3,3.3,3.5,0.1,0.51,110230
529,TO APPROACH FIX,3000,3000,0.1575,203,0.2,3.4,3.4,0.1,0.08,109990
530,TO APPROACH FIX,3000,3000,0.1637,206,0,3.7,3.5,0,0,109746
532,TO APPROACH FIX,3000,3000,0.1645,205,-0.2,3.8,3.6,0,0,109500
533,TO APPROACH FIX,3000,3000,0.1613,203,-0.2,3.8,3.7,-0.1,0,109257
534,TO APPROACH FIX,3000,3000,0.1557,199,-0.2,3.8,3.8,0,0.11,109017
535,TO APPROACH FIX,3000,3000,0.1494,195,-0.1,3.7,3.8,0,0.49,108782
536,TO APPROACH FIX,3000,3000,0.1459,194,0.1,3.5,3.7,0,0.72,108551
538,TO APPROACH FIX,3000,3000,0.1473,196,0.2,3.3,3.6,0.1,0.65,108319
539,TO APPROACH FIX,3000,3000,0.1536,201,0.2,3.3,3.5,0.1,0.3,108082
540,TO APPROACH FIX,3000,3000,0.1613,205,0.1,3.5,3.4,0,0,107840
541,TO APPROACH FIX,3000,3000,0.1647,206,-0.1,3.8,3.5,0,0,107594
542,TO APPROACH FIX,3000,3000,0.1632,204,-0.2,3.8,3.6,-0.1,0,107349
544,TO APPROACH FIX,3000,3000,0.1586,201,-0.2,3.8,3.7,0,0,107108
545,TO APPROACH FIX,3000,3000,0.1524,197,-0.1,3.8,3.8,0,0.31,106870
546,TO APPROACH FIX,3000,3000,0.1471,194,0,3.6,3.8,0,0.63,106638
547,TO APPROACH FIX,3000,3000,0.146,195,0.2,3.4,3.7,0,0.72,106406
548,TO APPROACH FIX,3000,3000,0.1501,198,0.3,3.3,3.5,0.1,0.5,106172
550,TO APPROACH FIX,3000,3000,0.1577,203,0.2,3.4,3.4,0.1,0.06,105933
551,TO APPROACH FIX,3000,3000,0.1637,206,0,3.7,3.5,0,0,105688
552,TO APPROACH FIX,3000,3000,0.1644,205,-0.2,3.8,3.6,0,0,105443
553,TO APPROACH FIX,3000,3000,0.1611,203,-0.2,3.8,3.7,-0.1,0,105199
554,TO APPROACH FIX,3000,3000,0.1555,199,-0.2,3.8,3.7,0,0.12,104959
556,TO APPROACH FIX,3000,3000,0.1493,195,-0.1,3.7,3.8,0,0.49,104725
557,TO APPROACH FIX,3000,3000,0.1459,194,0.1,3.5,3.7,0,0.72,104493
558,TO APPROACH FIX,3000,3000,0.1475,196,0.2,3.3,3.6,0.1,0.64,104261
559,TO APPROACH FIX,3000,3000,0.1538,201,0.2,3.3,3.5,0.1,0.28,104024
560,TO APPROACH FIX,3000,3000,0.1615,205,0.1,3.5,3.4,0,0,103782
562,TO APPROACH FIX,3000,3000,0.1647,206,-0.1,3.7,3.5,0,0,103536
563,TO APPROACH FIX,3000,3000,0.163,204,-0.2,3.8,3.6,-0.1,0,103291
564,TO APPROACH FIX,3000,3000,0.1583,201,-0.2,3.8,3.7,0,0,103049
565,TO APPROACH FIX,3000,3000,0.1521,197,-0.1,3.7,3.8,0,0.32,102812
566,TO APPROACH FIX,3000,3000,0.1469,194,0,3.6,3.8,0,0.64,102580
568,TO APPROACH FIX,3000,3000,0.1461,195,0.2,3.4,3.7,0,0.72,102348
569,TO APPROACH FIX,3000,3000,0.1504,199,0.2,3.3,3.5,0.1,0.48,102114
570,TO APPROACH FIX,3000,3000,0.1581,204,0.2,3.4,3.4,0.1,0.04,101874
571,TO APPROACH FIX,3000,3000,0.1639,206,-0.1,3.7,3.5,0,0,101629
572,TO APPROACH FIX,3000,3000,0.1642,205,-0.2,3.8,3.6,0,0,101384
574,TO APPROACH FIX,3000,3000,0.1608,202,-0.2,3.8,3.7,-0.1,0,101140
575,TO APPROACH FIX,3000,3000,0.1551,198,-0.1,3.8,3.7,0,0.14,100901
576,TO APPROACH FIX,3000,3000,0.1489,195,0,3.6,3.8,0,0.52,100666
577,TO APPROACH FIX,3000,3000,0.1458,194,0.1,3.4,3.7,0,0.72,100435
578,TO APPROACH FIX,3000,3000,0.1478,196,0.2,3.3,3.6,0.1,0.63,100202
580,TO APPROACH FIX,3000,3000,0.1544,201,0.2,3.3,3.4,0.1,0.25,99965
581,TO APPROACH FIX,3000,3000,0.1619,205,0.1,3.5,3.4,0,0,99722
582,TO APPROACH FIX,3000,3000,0.1647,206,-0.1,3.7,3.5,0,0,99477
583,TO APPROACH FIX,3000,3000,0.1628,204,-0.2,3.8,3.6,-0.1,0,99232
584,TO APPROACH FIX,3000,3000,0.1579,200,-0.2,3.8,3.7,0,0,98990
586,TO APPROACH FIX,3000,3000,0.1516,196,-0.1,3.7,3.8,0,0.35,98754
587,TO APPROACH FIX,3000,3000,0.1467,194,0,3.5,3.7,0,0.66,98521
588,TO APPROACH FIX,3000,3000,0.1463,195,0.2,3.3,3.6,0,0.71,98289
589,TO APPROACH FIX,3000,3000,0.151,199,0.2,3.3,3.5,0.1,0.45,98055
590,TO APPROACH FIX,3000,3000,0.1587,204,0.2,3.4,3.4,0,0.01,97814
592,TO APPROACH FIX,3000,3000,0.164,206,-0.1,3.7,3.5,0,0,97569
593,TO APPROACH FIX,3000,3000,0.164,205,-0.2,3.7,3.6,0,0,97324
594,TO APPROACH FIX,3000,3000,0.1603,202,-0.2,3.8,3.7,0,0,97081
595,TO APPROACH FIX,3000,3000,0.1545,198,-0.1,3.8,3.7,0,0.18,96842
596,TO APPROACH FIX,3000,3000,0.1485,195,0,3.6,3.8,0,0.54,96607
598,TO APPROACH FIX,3000,3000,0.1458,194,0.1,3.4,3.7,0,0.72,96376
599,TO APPROACH FIX,3000,3000,0.1483,197,0.2,3.3,3.5,0.1,0.6,96143
600,TO APPROACH FIX,3000,3000,0.1552,202,0.2,3.3,3.4,0.1,0.2,95905
601,TO APPROACH FIX,3000,3000,0.1624,206,0,3.6,3.4,0,0,95662
602,TO APPROACH FIX,3000,3000,0.1646,206,-0.1,3.7,3.5,0,0,95416
604,TO APPROACH FIX,3000,3000,0.1623,204,-0.2,3.8,3.6,0,0,95171
605,TO APPROACH FIX,3000,3000,0.1572,200,-0.2,3.7,3.7,0,0.02,94930
606,TO APPROACH FIX,3000,3000,0.1509,196,-0.1,3.7,3.7,0,0.4,94694
607,TO APPROACH FIX,3000,3000,0.1464,194,0.1,3.5,3.7,0,0.68,94462
608,TO APPROACH FIX,3000,3000,0.1466,195,0.2,3.3,3.6,0.1,0.69,94230
610,TO APPROACH FIX,3000,3000,0.1518,200,0.2,3.3,3.5,0.1,0.4,93995
611,TO APPROACH FIX,3000,3000,0.1597,204,0.1,3.4,3.4,0,0,93753
612,TO APPROACH FIX,3000,3000,0.1643,206,-0.1,3.7,3.5,0,0,93508
613,TO APPROACH FIX,3000,3000,0.1637,205,-0.2,3.7,3.6,0,0,93263
614,TO APPROACH FIX,3000,3000,0.1597,202,-0.2,3.7,3.7,0,0,93020
616,TO APPROACH FIX,3000,3000,0.1537,198,-0.1,3.7,3.7,0,0.23,92781
617,TO APPROACH FIX,3000,3000,0.1479,194,0,3.6,3.7,0,0.58,92548
618,TO APPROACH FIX,3000,3000,0.1459,194,0.1,3.4,3.6,0,0.72,92316
619,TO APPROACH FIX,3000,3000,0.149,198,0.2,3.3,3.5,0.1,0.55,92083
620,TO APPROACH FIX,3000,3000,0.1562,203,0.2,3.3,3.4,0.1,0.14,91844
622,TO APPROACH FIX,3000,3000,0.163,206,0,3.6,3.4,0,0,91600
623,TO APPROACH FIX,3000,3000,0.1645,206,-0.1,3.7,3.5,0,0,91354
624,TO APPROACH FIX,3000,3000,0.1617,203,-0.2,3.7,3.6,0,0,91110
625,TO APPROACH FIX,3000,3000,0.1564,199,-0.1,3.7,3.7,0,0.07,90869
626,TO APPROACH FIX,3000,3000,0.1501,195,-0.1,3.6,3.7,0,0.44,90634
628,TO APPROACH FIX,3000,3000,0.1461,194,0.1,3.5,3.7,0,0.7,90402
629,TO APPROACH FIX,3000,3000,0.147,196,0.2,3.3,3.6,0.1,0.66,90169
630,TO APPROACH FIX,3000,3000,0.1529,200,0.2,3.3,3.4,0.1,0.33,89933
631,TO APPROACH FIX,3000,3000,0.1606,205,0.1,3.4,3.4,0,0,89691
632,TO APPROACH FIX,3000,3000,0.1644,206,-0.1,3.7,3.5,0,0,89446
634,TO APPROACH FIX,3000,3000,0.1632,204,-0.2,3.7,3.6,0,0,89200
635,TO APPROACH FIX,3000,3000,0.1589,201,-0.2,3.7,3.6,0,0,88958
636,TO APPROACH FIX,3000,3000,0.1527,197,-0.1,3.7,3.7,0,0.29,88720
637,TO APPROACH FIX,3000,3000,0.1473,194,0,3.5,3.7,0,0.62,88487
638,TO APPROACH FIX,3000,3000,0.146,195,0.1,3.3,3.6,0,0.72,88255
640,TO APPROACH FIX,3000,3000,0.15,198,0.2,3.2,3.5,0.1,0.5,88021
641,TO APPROACH FIX,3000,3000,0.1575,203,0.2,3.3,3.4,0.1,0.07,87782
642,TO APPROACH FIX,3000,3000,0.1635,206,0,3.6,3.4,0,0,87537
643,TO APPROACH FIX,3000,3000,0.1642,205,-0.1,3.7,3.5,0,0,87291
644,TO APPROACH FIX,3000,3000,0.161,203,-0.2,3.7,3.6,0,0,87048
646,TO APPROACH FIX,3000,3000,0.1554,199,-0.1,3.7,3.7,0,0.13,86808
647,TO APPROACH FIX,3000,3000,0.1492,195,-0.1,3.6,3.7,0,0.5,86573
648,TO APPROACH FIX,3000,3000,0.1459,194,0.1,3.4,3.7,0,0.71,86341
649,TO APPROACH FIX,3000,3000,0.1477,196,0.2,3.3,3.5,0.1,0.63,86108
650,TO APPROACH FIX,3000,3000,0.1541,201,0.2,3.3,3.4,0.1,0.26,85871
652,TO APPROACH FIX,3000,3000,0.1616,205,0.1,3.5,3.4,0,0,85628
653,TO APPROACH FIX,3000,3000,0.1645,206,-0.1,3.6,3.5,0,0,85382
654,TO APPROACH FIX,3000,3000,0.1627,204,-0.2,3.7,3.6,0,0,85137
655,TO APPROACH FIX,3000,3000,0.1579,200,-0.1,3.7,3.6,0,0,84896
656,TO APPROACH FIX,3000,3000,0.1516,196,-0.1,3.7,3.7,0,0.35,84659
658,TO APPROACH FIX,3000,3000,0.1468,194,0,3.5,3.7,0,0.65,84426
659,TO APPROACH FIX,3000,3000,0.1464,195,0.2,3.3,3.6,0,0.7,84194
660,TO APPROACH FIX,3000,3000,0.1511,199,0.2,3.2,3.4,0.1,0.43,83959
661,TO APPROACH FIX,3000,3000,0.1588,204,0.1,3.4,3.4,0,0,83719
662,TO APPROACH FIX,3000,3000,0.164,206,-0.1,3.6,3.4,0,0,83473
664,TO APPROACH FIX,3000,3000,0.1638,205,-0.1,3.7,3.5,0,0,83228
665,TO APPROACH FIX,3000,3000,0.16,202,-0.2,3.7,3.6,0,0,82985
666,TO APPROACH FIX,3000,3000,0.1541,198,-0.1,3.7,3.7,0,0.2,82746
667,TO APPROACH FIX,3000,3000,0.1483,195,0,3.5,3.7,0,0.56,82511
668,TO APPROACH FIX,3000,3000,0.1459,194,0.1,3.4,3.6,0,0.72,82280
670,TO APPROACH FIX,3000,3000,0.1487,197,0.2,3.2,3.5,0.1,0.57,82046
671,TO APPROACH FIX,3000,3000,0.1557,202,0.2,3.3,3.4,0.1,0.17,81808
672,TO APPROACH FIX,3000,3000,0.1627,206,0,3.5,3.4,0,0,81564
673,TO APPROACH FIX,3000,3000,0.1644,206,-0.1,3.6,3.5,0,0,81318
674,TO APPROACH FIX,3000,3000,0.1619,203,-0.2,3.7,3.6,0,0,81074
676,TO APPROACH FIX,3000,3000,0.1567,200,-0.1,3.7,3.6,0,0.05,80833
677,TO APPROACH FIX,3000,3000,0.1504,196,-0.1,3.6,3.7,0,0.42,80597
678,TO APPROACH FIX,3000,3000,0.1462,194,0.1,3.4,3.6,0,0.69,80365
679,TO APPROACH FIX,3000,3000,0.1469,196,0.2,3.3,3.5,0.1,0.67,80132
680,TO APPROACH FIX,3000,3000,0.1526,200,0.2,3.2,3.4,0.1,0.35,79896
682,TO APPROACH FIX,3000,3000,0.1604,205,0.1,3.4,3.3,0,0,79654
683,TO APPROACH FIX,3000,3000,0.1644,206,-0.1,3.6,3.4,0,0,79409
684,TO APPROACH FIX,3000,3000,0.1633,204,-0.2,3.7,3.5,0,0,79163
685,TO APPROACH FIX,3000,3000,0.1588,201,-0.2,3.7,3.6,-0.1,0,78921
686,TO APPROACH FIX,3000,3000,0.1518,196,-0.1,3.7,3.7,0,0.35,78684
688,TO APPROACH FIX,3000,3000,0.1459,193,0,3.5,3.7,0,0.73,78451
689,TO APPROACH FIX,3000,3000,0.1439,193,0.1,3.4,3.6,0,0.91,78221
690,TO APPROACH FIX,3000,3000,0.1469,196,0.2,3.3,3.5,0.1,0.79,77989
691,TO APPROACH FIX,3000,3000,0.154,201,0.2,3.3,3.4,0.1,0.39,77752
692,TO APPROACH FIX,3000,3000,0.1623,206,0.1,3.4,3.3,0,0,77509
694,TO APPROACH FIX,3000,3000,0.1641,205,-0.2,3.8,3.5,-0.1,0,77263
695,TO APPROACH FIX,3000,3000,0.16,202,-0.2,3.7,3.6,0,0,77019
696,TO APPROACH FIX,3000,3000,0.1538,198,-0.1,3.7,3.7,0,0.23,76781
697,TO APPROACH FIX,3000,3000,0.1473,194,-0.1,3.6,3.7,0,0.65,76547
698,TO APPROACH FIX,3000,3000,0.143,192,0,3.5,3.7,0,1,76317
700,TO APPROACH FIX,3000,3000,0.1423,192,0.1,3.4,3.6,0,1,76088
701,TO APPROACH FIX,3000,3000,0.1451,195,0.1,3.4,3.5,0,0.94,75858
702,TO APPROACH FIX,3000,3000,0.1508,199,0.1,3.3,3.4,0,0.67,75623
703,TO APPROACH FIX,3000,3000,0.1579,203,0.1,3.4,3.4,0,0.28,75383
704,TO APPROACH FIX,3000,3000,0.1634,206,0,3.5,3.4,0,0,75138
706,TO APPROACH FIX,3000,3000,0.1642,205,-0.1,3.6,3.5,0,0,74892
707,TO APPROACH FIX,3000,3000,0.1609,203,-0.1,3.6,3.6,0,0,74648
708,TO APPROACH FIX,3000,3000,0.1551,198,-0.1,3.6,3.6,0,0.15,74409
709,TO APPROACH FIX,3000,3000,0.1486,194,-0.1,3.6,3.7,0,0.56,74174
710,TO APPROACH FIX,3000,3000,0.1437,192,0,3.5,3.7,0,0.93,73943
712,TO APPROACH FIX,3000,3000,0.1422,192,0.1,3.4,3.6,0,1,73714
713,TO APPROACH FIX,3000,3000,0.1444,194,0.1,3.4,3.5,0,0.97,73484
714,TO APPROACH FIX,3000,3000,0.1496,198,0.1,3.3,3.4,0,0.74,73250
715,TO APPROACH FIX,3000,3000,0.1566,203,0.1,3.3,3.4,0,0.36,73011
716,TO APPROACH FIX,3000,3000,0.1627,206,0,3.5,3.4,0,0.01,72767
718,TO APPROACH FIX,3000,3000,0.1645,206,-0.1,3.6,3.5,0,0,72521
719,TO APPROACH FIX,3000,3000,0.1619,203,-0.1,3.6,3.5,0,0,72277
720,TO APPROACH FIX,3000,3000,0.1565,199,-0.1,3.6,3.6,0,0.06,72036
721,TO APPROACH FIX,3000,3000,0.1499,195,-0.1,3.6,3.7,0,0.47,71800
722,TO APPROACH FIX,3000,3000,0.1445,192,0,3.5,3.7,0,0.86,71569
724,TO APPROACH FIX,3000,3000,0.1422,192,0.1,3.4,3.6,0,1,71340
725,TO APPROACH FIX,3000,3000,0.1437,193,0.1,3.4,3.5,0,0.99,71110
726,TO APPROACH FIX,3000,3000,0.1483,197,0.1,3.3,3.4,0,0.8,70877
727,TO APPROACH FIX,3000,3000,0.1551,202,0.1,3.3,3.4,0,0.44,70639
728,TO APPROACH FIX,3000,3000,0.1617,205,0,3.4,3.4,0,0.07,70396
730,TO APPROACH FIX,3000,3000,0.1646,206,-0.1,3.5,3.4,0,0,70150
731,TO APPROACH FIX,3000,3000,0.1627,204,-0.1,3.6,3.5,0,0,69905
732,TO APPROACH FIX,3000,3000,0.1577,200,-0.1,3.6,3.6,0,0,69663
733,TO APPROACH FIX,3000,3000,0.1512,196,-0.1,3.6,3.6,0,0.38,69426
734,TO APPROACH FIX,3000,3000,0.1454,193,0,3.6,3.7,0,0.79,69194
736,TO APPROACH FIX,3000,3000,0.1424,191,0,3.5,3.6,0,1,68965
737,TO APPROACH FIX,3000,3000,0.1431,193,0.1,3.4,3.5,0,1,68735
738,TO APPROACH FIX,3000,3000,0.1472,196,0.1,3.3,3.4,0,0.85,68503
739,TO APPROACH FIX,3000,3000,0.1537,201,0.1,3.3,3.4,0,0.52,68266
740,TO APPROACH FIX,3000,3000,0.1606,205,0.1,3.4,3.3,0,0.13,68024
742,TO APPROACH FIX,3000,3000,0.1645,206,0,3.5,3.4,0,0,67778
743,TO APPROACH FIX,3000,3000,0.1634,204,-0.1,3.6,3.5,0,0,67533
744,TO APPROACH FIX,3000,3000,0.1589,201,-0.1,3.6,3.6,0,0,67290
745,TO APPROACH FIX,3000,3000,0.1526,197,-0.1,3.6,3.6,0,0.3,67052
746,TO APPROACH FIX,3000,3000,0.1464,193,-0.1,3.6,3.7,0,0.71,66819
748,TO APPROACH FIX,3000,3000,0.1427,192,0,3.5,3.6,0,1,66589
749,TO APPROACH FIX,3000,3000,0.1427,192,0.1,3.4,3.5,0,1,66360
750,TO APPROACH FIX,3000,3000,0.1462,195,0.1,3.3,3.5,0,0.9,66129
751,TO APPROACH FIX,3000,3000,0.1523,200,0.1,3.3,3.4,0,0.6,65893
752,TO APPROACH FIX,3000,3000,0.1594,204,0.1,3.4,3.3,0,0.2,65651
754,TO APPROACH FIX,3000,3000,0.1641,206,0,3.5,3.4,0,0,65406
755,TO APPROACH FIX,3000,3000,0.1639,205,-0.1,3.6,3.5,0,0,65160
756,TO APPROACH FIX,3000,3000,0.16,202,-0.1,3.6,3.5,0,0,64917
757,TO APPROACH FIX,3000,3000,0.1539,198,-0.1,3.6,3.6,0,0.22,64678
758,TO APPROACH FIX,3000,3000,0.1475,194,-0.1,3.6,3.6,0,0.63,64444
760,TO APPROACH FIX,3000,3000,0.1432,192,0,3.5,3.6,0,0.98,64214
761,TO APPROACH FIX,3000,3000,0.1424,192,0.1,3.4,3.5,0,1,63985
762,TO APPROACH FIX,3000,3000,0.1453,195,0.1,3.3,3.5,0,0.93,63754
763,TO APPROACH FIX,3000,3000,0.151,199,0.1,3.3,3.4,0,0.67,63519
764,TO APPROACH FIX,3000,3000,0.1581,204,0.1,3.3,3.3,0,0.27,63279
766,TO APPROACH FIX,3000,3000,0.1636,206,0,3.5,3.4,0,0,63034
767,TO APPROACH FIX,3000,3000,0.1643,205,-0.1,3.5,3.4,0,0,62788
768,TO APPROACH FIX,3000,3000,0.1609,203,-0.1,3.6,3.5,0,0,62544
769,TO APPROACH FIX,3000,3000,0.1552,198,-0.1,3.6,3.6,0,0.14,62304
770,TO APPROACH FIX,3000,3000,0.1486,194,-0.1,3.6,3.6,0,0.56,62069
772,TO APPROACH FIX,3000,3000,0.1438,192,0,3.5,3.6,0,0.92,61838
773,TO APPROACH FIX,3000,3000,0.1423,192,0.1,3.4,3.6,0,1,61609
774,TO APPROACH FIX,3000,3000,0.1445,194,0.1,3.3,3.5,0,0.96,61379
775,TO APPROACH FIX,3000,3000,0.1498,198,0.1,3.3,3.4,0,0.73,61145
776,TO APPROACH FIX,3000,3000,0.1568,203,0.1,3.3,3.3,0,0.34,60905
778,TO APPROACH FIX,3000,3000,0.1629,206,0,3.4,3.3,0,0,60661
779,TO APPROACH FIX,3000,3000,0.1646,206,-0.1,3.5,3.4,0,0,60415
780,TO APPROACH FIX,3000,3000,0.1618,203,-0.1,3.6,3.5,0,0,60170
781,TO APPROACH FIX,3000,3000,0.1563,199,-0.1,3.6,3.6,0,0.07,59929
782,TO APPROACH FIX,3000,3000,0.1498,195,-0.1,3.6,3.6,0,0.48,59694
784,TO APPROACH FIX,3000,3000,0.1444,192,0,3.5,3.6,0,0.87,59462
785,TO APPROACH FIX,3000,3000,0.1423,192,0,3.4,3.6,0,1,59233
786,TO APPROACH FIX,3000,3000,0.1439,194,0.1,3.3,3.5,0,0.98,59003
787,TO APPROACH FIX,3000,3000,0.1487,197,0.1,3.3,3.4,0,0.78,58770
788,TO APPROACH FIX,3000,3000,0.1556,202,0.1,3.3,3.3,0,0.42,58532
790,TO APPROACH FIX,3000,3000,0.1621,206,0,3.4,3.3,0,0.05,58288
791,TO APPROACH FIX,3000,3000,0.1647,206,-0.1,3.5,3.4,0,0,58042
792,TO APPROACH FIX,3000,3000,0.1625,204,-0.1,3.5,3.5,0,0,57797
793,TO APPROACH FIX,3000,3000,0.1575,200,-0.1,3.6,3.5,0,0.01,57555
794,TO APPROACH FIX,3000,3000,0.1509,196,-0.1,3.6,3.6,0,0.4,57318
796,TO APPROACH FIX,3000,3000,0.1452,192,0,3.5,3.6,0,0.8,57086
797,TO APPROACH FIX,3000,3000,0.1424,192,0,3.4,3.6,0,1,56857
798,TO APPROACH FIX,3000,3000,0.1433,193,0.1,3.3,3.5,0,0.99,56628
799,TO APPROACH FIX,3000,3000,0.1476,197,0.1,3.3,3.4,0,0.83,56395
800,TO APPROACH FIX,3000,3000,0.1543,201,0.1,3.3,3.3,0,0.49,56158
802,TO APPROACH FIX,3000,3000,0.1611,205,0.1,3.4,3.3,0,0.1,55915
803,TO APPROACH FIX,3000,3000,0.1646,206,0,3.5,3.4,0,0,55669
804,TO APPROACH FIX,3000,3000,0.1632,204,-0.1,3.5,3.5,0,0,55423
805,TO APPROACH FIX,3000,3000,0.1585,201,-0.1,3.6,3.5,0,0,55181
806,TO APPROACH FIX,3000,3000,0.1521,196,-0.1,3.6,3.6,0,0.33,54943
808,TO APPROACH FIX,3000,3000,0.1461,193,-0.1,3.5,3.6,0,0.74,54711
809,TO APPROACH FIX,3000,3000,0.1426,192,0,3.4,3.6,0,1,54481
810,TO APPROACH FIX,3000,3000,0.1429,193,0.1,3.4,3.5,0,1,54252
811,TO APPROACH FIX,3000,3000,0.1467,196,0.1,3.3,3.4,0,0.88,54020
812,TO APPROACH FIX,3000,3000,0.153,200,0.1,3.3,3.3,0,0.56,53783
814,TO APPROACH FIX,3000,3000,0.1601,205,0.1,3.3,3.3,0,0.16,53541
815,TO APPROACH FIX,3000,3000,0.1644,206,0,3.5,3.3,0,0,53296
816,TO APPROACH FIX,3000,3000,0.1637,205,-0.1,3.5,3.4,0,0,53050
817,TO APPROACH FIX,3000,3000,0.1595,201,-0.1,3.6,3.5,0,0,52807
818,TO APPROACH FIX,3000,3000,0.1533,197,-0.1,3.6,3.6,0,0.26,52568
820,TO APPROACH FIX,3000,3000,0.147,193,-0.1,3.5,3.6,0,0.67,52335
821,TO APPROACH FIX,3000,3000,0.143,192,0,3.4,3.6,0,1,52105
822,TO APPROACH FIX,3000,3000,0.1426,192,0.1,3.4,3.5,0,1,51876
823,TO APPROACH FIX,3000,3000,0.1458,195,0.1,3.3,3.4,0,0.91,51644
824,TO APPROACH FIX,3000,3000,0.1518,200,0.1,3.3,3.3,0,0.62,51409
826,TO APPROACH FIX,3000,3000,0.159,204,0.1,3.3,3.3,0,0.22,51167
827,TO APPROACH FIX,3000,3000,0.1641,206,0,3.4,3.3,0,0,50922
828,TO APPROACH FIX,3000,3000,0.1642,205,-0.1,3.5,3.4,0,0,50676
829,TO APPROACH FIX,3000,3000,0.1604,202,-0.1,3.5,3.5,0,0,50432
830,TO APPROACH FIX,3000,3000,0.1544,198,-0.1,3.6,3.6,0,0.19,50193
832,TO APPROACH FIX,3000,3000,0.1479,194,-0.1,3.5,3.6,0,0.6,49959
833,TO APPROACH FIX,3000,3000,0.1434,192,0,3.5,3.6,0,0.95,49728
834,TO APPROACH FIX,3000,3000,0.1424,192,0.1,3.4,3.5,0,1,49499
835,TO APPROACH FIX,3000,3000,0.1451,195,0.1,3.3,3.4,0,0.94,49269
836,TO APPROACH FIX,3000,3000,0.1507,199,0.1,3.3,3.3,0,0.68,49034
838,TO APPROACH FIX,3000,3000,0.1579,203,0.1,3.3,3.3,0,0.28,48793
839,TO APPROACH FIX,3000,3000,0.1635,206,0,3.4,3.3,0,0,48549
840,TO APPROACH FIX,3000,3000,0.1645,205,-0.1,3.5,3.4,0,0,48302
841,TO APPROACH FIX,3000,3000,0.1612,203,-0.1,3.5,3.5,0,0,48058
842,TO APPROACH FIX,3000,3000,0.1555,199,-0.1,3.6,3.5,0,0.12,47818
844,TO APPROACH FIX,3000,3000,0.1489,195,-0.1,3.5,3.6,0,0.54,47583
845,TO APPROACH FIX,3000,3000,0.1439,192,0,3.5,3.6,0,0.91,47352
846,TO APPROACH FIX,3000,3000,0.1423,192,0.1,3.4,3.5,0,1,47123
847,TO APPROACH FIX,3000,3000,0.1445,194,0.1,3.3,3.4,0,0.96,46893
848,TO APPROACH FIX,3000,3000,0.1497,198,0.1,3.3,3.3,0,0.73,46659
850,TO APPROACH FIX,3000,3000,0.1568,203,0.1,3.3,3.3,0,0.34,46419
851,TO APPROACH FIX,3000,3000,0.163,206,0,3.4,3.3,0,0,46175
852,TO APPROACH FIX,3000,3000,0.1646,206,-0.1,3.5,3.4,0,0,45929
853,TO APPROACH FIX,3000,3000,0.1619,203,-0.1,3.5,3.4,0,0,45684
854,TO APPROACH FIX,3000,3000,0.1564,199,-0.1,3.5,3.5,0,0.07,45443
856,TO APPROACH FIX,3000,3000,0.1499,195,-0.1,3.5,3.6,0,0.47,45207
857,TO APPROACH FIX,3000,3000,0.1445,192,0,3.5,3.6,0,0.86,44976
858,FINAL APPROACH,3000,3000,0.1423,192,0.1,-11.5,3.4,0,0,19955
859,FINAL APPROACH,2995,2994,0.1434,193,-10,6.9,0.5,-2.7,0,19727
860,FINAL APPROACH,2982,2981,0.1423,190,-9.9,-3.4,4.3,-3.1,0,19498
862,FINAL APPROACH,2969,2968,0.1366,186,-12.2,3.5,3.2,-3.7,0,19274
863,FINAL APPROACH,2956,2956,0.1279,181,-10.5,-1.4,4,-3.3,0,19059
864,FINAL APPROACH,2945,2944,0.121,176,-11.1,0.5,3.7,-3.6,0,18871
865,FINAL APPROACH,2933,2933,0.1142,170,-11,-0.3,3.9,-3.7,0,18689
866,FINAL APPROACH,2921,2921,0.1077,165,-11.2,0,3.9,-3.9,0,18512
867,FINAL APPROACH,2909,2909,0.1016,160,-11.2,-0.1,4.1,-4,0,18340
868,FINAL APPROACH,2897,2897,0.0958,156,-11.3,-0.1,4.2,-4.2,0,18173
869,FINAL APPROACH,2885,2885,0.0904,151,-11.4,-0.1,4.3,-4.3,0,18011
870,FINAL APPROACH,2873,2873,0.0854,147,-11.4,-0.1,4.4,-4.5,0,17854
871,FINAL APPROACH,2861,2861,0.0806,143,-11.5,-0.1,4.5,-4.6,0,17701
872,FINAL APPROACH,2849,2849,0.0762,138,-11.5,-0.1,4.7,-4.8,0,17553
873,FINAL APPROACH,2837,2837,0.0721,135,-11.6,-0.1,4.8,-4.9,0,17408
874,FINAL APPROACH,2824,2824,0.0682,131,-11.6,-0.1,5,-5.1,0,17268
875,FINAL APPROACH,2812,2812,0.0647,127,-11.7,-0.1,5.2,-5.3,0,17132
877,FINAL APPROACH,2800,2800,0.0613,124,-11.7,-0.1,5.3,-5.4,0,16999
878,FINAL APPROACH,2787,2787,0.0581,120,-11.7,-0.1,5.5,-5.6,0,16870
879,FINAL APPROACH,2775,2775,0.0552,117,-11.8,-0.1,5.7,-5.8,0,16744
880,FINAL APPROACH,2762,2762,0.0524,114,-11.8,0,5.9,-5.9,0,16622
881,FINAL APPROACH,2750,2750,0.0498,111,-11.9,0,6.1,-6.1,0,16502
882,FINAL APPROACH,2737,2737,0.0473,108,-11.9,0,6.3,-6.3,0,16386
883,FINAL APPROACH,2725,2724,0.045,106,-12,0.1,6.6,-6.5,0,16273
884,FINAL APPROACH,2712,2712,0.0428,103,-12,0.1,6.8,-6.7,0,16163
885,FINAL APPROACH,2699,2699,0.0407,100,-12,0.1,7.1,-6.9,0,16055
886,FINAL APPROACH,2686,2686,0.0388,98,-12,0.1,7.2,-7.1,0,15950
887,FINAL APPROACH,2674,2673,0.0369,95,-12,0.1,7.4,-7.2,0,15848
888,FINAL APPROACH,2661,2661,0.0352,93,-12,0.1,7.6,-7.4,0,15748
889,FINAL APPROACH,2648,2648,0.0336,91,-12,0.1,7.8,-7.6,0,15651
890,FINAL APPROACH,2635,2635,0.032,89,-12,0.1,8,-7.8,0,15556
891,FINAL APPROACH,2623,2622,0.0306,87,-12,0.1,8.2,-8,0,15463
892,FINAL APPROACH,2610,2610,0.0292,84,-12,0.2,8.4,-8.2,0,15372
893,FINAL APPROACH,2597,2597,0.0279,83,-12,0.2,8.6,-8.4,0,15284
895,FINAL APPROACH,2584,2584,0.0267,81,-12,0.2,8.8,-8.6,0,15197
896,FINAL APPROACH,2572,2571,0.0255,79,-12.1,0.2,9,-8.8,0,15113
897,FINAL APPROACH,2559,2559,0.0244,77,-12.1,0.2,9.3,-9,0,15030
898,FINAL APPROACH,2546,2546,0.0234,75,-12.1,0.3,9.5,-9.2,0,14950
899,FINAL APPROACH,2533,2533,0.0224,74,-12.1,0.3,9.8,-9.5,0.13,14871
900,FINAL APPROACH,2520,2520,0.0216,72,-12.1,0.3,10,-9.6,0.28,14793
901,FINAL APPROACH,2508,2507,0.0211,71,-12.1,0.3,10.1,-9.8,0.41,14717
902,FINAL APPROACH,2495,2494,0.021,71,-12.1,0.3,10.1,-9.8,0.49,14642
903,FINAL APPROACH,2482,2482,0.0214,72,-12.1,0.3,10,-9.7,0.51,14566
904,FINAL APPROACH,2469,2469,0.0221,73,-12.1,0.3,9.8,-9.5,0.46,14489
905,FINAL APPROACH,2456,2456,0.0231,75,-12,0.2,9.5,-9.3,0.35,14410
906,FINAL APPROACH,2444,2443,0.0242,76,-12,0.2,9.2,-9,0.21,14330
907,FINAL APPROACH,2431,2431,0.0251,78,-12,0.2,9,-8.9,0.07,14249
908,FINAL APPROACH,2418,2418,0.0254,78,-11.9,0.2,8.9,-8.8,0,14166
909,FINAL APPROACH,2406,2405,0.0253,78,-11.9,0.1,9,-8.8,0,14083
910,FINAL APPROACH,2393,2393,0.0249,77,-11.9,0.1,9.1,-8.9,0,14001
911,FINAL APPROACH,2380,2380,0.0242,76,-12,0.2,9.2,-9.1,0,13920
913,FINAL APPROACH,2368,2367,0.0235,75,-12,0.2,9.4,-9.2,0.04,13840
914,FINAL APPROACH,2355,2355,0.0227,73,-12,0.2,9.6,-9.4,0.16,13762
915,FINAL APPROACH,2342,2342,0.0221,72,-12,0.2,9.7,-9.5,0.28,13685
916,FINAL APPROACH,2329,2329,0.0218,72,-12,0.2,9.8,-9.6,0.38,13608
917,FINAL APPROACH,2317,2316,0.0219,72,-12,0.2,9.8,-9.6,0.43,13532
918,FINAL APPROACH,2304,2304,0.0223,73,-12,0.1,9.6,-9.5,0.43,13455
919,FINAL APPROACH,2291,2291,0.023,74,-11.9,0.1,9.4,-9.3,0.38,13378
920,FINAL APPROACH,2279,2278,0.0239,75,-11.9,0.1,9.2,-9.1,0.28,13299
921,FINAL APPROACH,2266,2266,0.0248,76,-11.9,0,9,-9,0.16,13219
922,FINAL APPROACH,2253,2253,0.0254,77,-11.9,0,8.9,-8.8,0.05,13137
923,FINAL APPROACH,2241,2241,0.0256,77,-11.9,0,8.8,-8.8,0,13055
924,FINAL APPROACH,2228,2228,0.0254,77,-11.9,0,8.9,-8.9,0,12973
925,FINAL APPROACH,2216,2215,0.0248,76,-11.9,0,9,-9,0,12892
926,FINAL APPROACH,2203,2203,0.0241,75,-11.9,0,9.1,-9.1,0.01,12812
927,FINAL APPROACH,2190,2190,0.0234,74,-11.9,0,9.3,-9.3,0.12,12733
928,FINAL APPROACH,2178,2177,0.0228,73,-11.9,0,9.4,-9.4,0.24,12655
930,FINAL APPROACH,2165,2165,0.0224,72,-11.9,0,9.5,-9.5,0.34,12579
931,FINAL APPROACH,2152,2152,0.0224,72,-11.9,0,9.5,-9.5,0.4,12502
932,FINAL APPROACH,2140,2139,0.0227,73,-11.9,0,9.5,-9.5,0.41,12426
933,FINAL APPROACH,2127,2127,0.0233,74,-11.9,-0.1,9.3,-9.3,0.37,12348
934,FINAL APPROACH,2114,2114,0.0242,75,-11.9,-0.1,9.1,-9.2,0.29,12270
935,FINAL APPROACH,2102,2102,0.0251,76,-11.9,-0.1,8.9,-9,0.18,12190
936,FINAL APPROACH,2089,2089,0.0258,77,-11.9,-0.2,8.7,-8.9,0.07,12108
937,FINAL APPROACH,2077,2076,0.026,77,-11.9,-0.2,8.6,-8.8,0,12027
938,FINAL APPROACH,2064,2064,0.0259,77,-11.9,-0.2,8.7,-8.9,0,11945
939,FINAL APPROACH,2051,2051,0.0254,76,-11.9,-0.2,8.8,-9,0,11864
940,FINAL APPROACH,2039,2039,0.0247,75,-11.9,-0.2,8.9,-9.1,0,11783
941,FINAL APPROACH,2026,2026,0.024,74,-11.9,-0.2,9.1,-9.3,0.11,11704
942,FINAL APPROACH,2014,2013,0.0234,73,-11.9,-0.2,9.2,-9.4,0.22,11627
943,FINAL APPROACH,2001,2001,0.023,72,-11.9,-0.2,9.3,-9.5,0.32,11550
944,FINAL APPROACH,1988,1988,0.0229,72,-11.9,-0.2,9.3,-9.5,0.38,11473
945,FINAL APPROACH,1976,1976,0.0232,73,-11.9,-0.2,9.3,-9.5,0.4,11396
946,FINAL APPROACH,1963,1963,0.0238,74,-11.9,-0.3,9.1,-9.3,0.37,11319
948,FINAL APPROACH,1951,1950,0.0246,75,-11.9,-0.3,8.9,-9.2,0.29,11241
949,FINAL APPROACH,1938,1938,0.0255,76,-11.9,-0.3,8.7,-9,0.18,11161
950,FINAL APPROACH,1925,1925,0.0262,77,-11.9,-0.3,8.5,-8.9,0.08,11080
951,FINAL APPROACH,1913,1912,0.0265,77,-11.9,-0.4,8.5,-8.8,0.01,10998
952,FINAL APPROACH,1900,1900,0.0264,77,-11.9,-0.4,8.5,-8.9,0,10916
953,FINAL APPROACH,1888,1887,0.0259,76,-11.9,-0.4,8.6,-9,0,10835
954,FINAL APPROACH,1875,1875,0.0253,75,-11.9,-0.4,8.7,-9.1,0,10755
955,FINAL APPROACH,1862,1862,0.0245,74,-11.9,-0.4,8.9,-9.3,0.1,10676
956,FINAL APPROACH,1850,1850,0.0239,73,-11.9,-0.4,9,-9.4,0.21,10598
957,FINAL APPROACH,1837,1837,0.0235,72,-11.9,-0.4,9.1,-9.5,0.31,10521
958,FINAL APPROACH,1825,1824,0.0234,72,-11.9,-0.4,9.1,-9.5,0.38,10444
959,FINAL APPROACH,1812,1812,0.0237,73,-11.9,-0.4,9,-9.4,0.39,10368
960,FINAL APPROACH,1799,1799,0.0243,74,-11.9,-0.4,8.9,-9.3,0.36,10290
961,FINAL APPROACH,1787,1786,0.0251,75,-11.9,-0.5,8.7,-9.2,0.28,10212
962,FINAL APPROACH,1774,1774,0.026,76,-11.9,-0.5,8.5,-9,0.17,10132
963,FINAL APPROACH,1761,1761,0.0267,77,-11.9,-0.5,8.4,-8.9,0.07,10051
964,FINAL APPROACH,1749,1749,0.027,77,-11.9,-0.5,8.3,-8.8,0,9969
966,FINAL APPROACH,1736,1736,0.0269,77,-11.9,-0.6,8.3,-8.9,0,9887
967,FINAL APPROACH,1724,1723,0.0264,76,-11.9,-0.6,8.4,-9,0,9806
968,FINAL APPROACH,1711,1711,0.0257,75,-11.9,-0.6,8.5,-9.1,0.01,9726
969,FINAL APPROACH,1699,1698,0.025,74,-11.9,-0.6,8.7,-9.3,0.11,9647
970,FINAL APPROACH,1686,1686,0.0243,73,-11.9,-0.6,8.8,-9.4,0.22,9570
971,FINAL APPROACH,1673,1673,0.024,72,-11.9,-0.6,8.9,-9.5,0.31,9493
972,FINAL APPROACH,1661,1660,0.024,72,-11.9,-0.6,8.9,-9.5,0.37,9416
973,FINAL APPROACH,1648,1648,0.0243,73,-11.9,-0.6,8.8,-9.4,0.38,9339
974,FINAL APPROACH,1635,1635,0.0249,74,-11.9,-0.6,8.7,-9.3,0.34,9262
975,FINAL APPROACH,1622,1621,0.0258,75,-11.9,-0.7,8.5,-9.1,0.25,9178
976,FINAL APPROACH,1609,1608,0.0267,76,-11.9,-0.7,8.3,-8.9,0.13,9094
977,FINAL APPROACH,1595,1595,0.0274,77,-11.9,-0.7,8.1,-8.9,0.03,9008
979,FINAL APPROACH,1582,1582,0.0275,77,-11.9,-0.7,8.1,-8.8,0,8921
980,FINAL APPROACH,1569,1568,0.0272,76,-11.9,-0.8,8.2,-8.9,0,8835
981,FINAL APPROACH,1555,1555,0.0266,75,-11.9,-0.8,8.3,-9,0,8750
982,FINAL APPROACH,1542,1542,0.0258,74,-11.9,-0.8,8.4,-9.2,0.07,8666
983,FINAL APPROACH,1529,1528,0.0251,73,-11.9,-0.8,8.6,-9.4,0.19,8584
984,FINAL APPROACH,1516,1515,0.0246,72,-11.9,-0.8,8.7,-9.5,0.29,8502
985,FINAL APPROACH,1502,1502,0.0244,72,-11.9,-0.8,8.7,-9.5,0.36,8421
986,FINAL APPROACH,1489,1488,0.0247,73,-11.9,-0.8,8.7,-9.4,0.38,8340
987,FINAL APPROACH,1476,1475,0.0253,74,-11.9,-0.8,8.5,-9.3,0.34,8258
989,FINAL APPROACH,1462,1462,0.0263,75,-11.9,-0.8,8.3,-9.1,0.25,8175
990,FINAL APPROACH,1449,1448,0.0272,76,-11.9,-0.9,8.1,-9,0.13,8090
991,FINAL APPROACH,1436,1435,0.0279,77,-11.9,-0.9,8,-8.9,0.03,8004
992,FINAL APPROACH,1422,1422,0.0281,77,-11.9,-0.9,7.9,-8.9,0,7918
993,FINAL APPROACH,1409,1408,0.0278,77,-11.9,-0.9,8,-8.9,0,7832
994,FINAL APPROACH,1396,1395,0.0272,76,-11.9,-0.9,8.1,-9,0,7747
995,FINAL APPROACH,1382,1382,0.0264,74,-11.9,-0.9,8.3,-9.2,0.06,7663
996,FINAL APPROACH,1369,1369,0.0256,73,-11.9,-0.9,8.4,-9.3,0.18,7580
998,FINAL APPROACH,1356,1355,0.0251,72,-11.9,-0.9,8.5,-9.5,0.28,7498
999,FINAL APPROACH,1342,1342,0.0249,72,-11.9,-0.9,8.5,-9.5,0.35,7417
1000,FINAL APPROACH,1329,1329,0.0252,73,-11.9,-1,8.5,-9.4,0.37,7336
1001,FINAL APPROACH,1316,1315,0.0259,74,-11.9,-1,8.3,-9.3,0.33,7254
1002,FINAL APPROACH,1302,1302,0.0251,72,-11.9,-1,8.5,-9.5,0.52,7173
1003,FINAL APPROACH,1289,1289,0.0241,71,-11.9,-1,8.7,-9.7,0.72,7093
1004,FINAL APPROACH,1276,1275,0.0231,69,-11.9,-1,9,-9.9,0.96,7014
1005,FINAL APPROACH,1262,1262,0.0222,68,-12,-0.9,9.2,-10.2,1,6938
1007,FINAL APPROACH,1249,1248,0.0213,66,-12,-0.9,9.5,-10.4,1,6863
1008,FINAL APPROACH,1235,1235,0.0205,65,-12,-0.9,9.7,-10.7,1,6789
1009,FINAL APPROACH,1222,1222,0.0197,63,-12,-0.9,10,-10.9,1,6717
1010,FINAL APPROACH,1209,1208,0.0189,62,-12,-0.8,10.3,-11.2,1,6647
1011,FINAL APPROACH,1195,1195,0.0182,61,-12.1,-0.8,10.6,-11.4,1,6578
1012,FINAL APPROACH,1182,1181,0.0175,60,-12.1,-0.8,10.9,-11.7,1,6510
1013,FINAL APPROACH,1168,1167,0.0168,58,-12.1,-0.7,11.2,-12,1,6444
1014,FINAL APPROACH,1154,1154,0.0161,57,-12.1,-0.7,11.6,-12.2,1,6379
1015,FINAL APPROACH,1141,1140,0.0155,56,-12.2,-0.6,11.9,-12.5,1,6316
1017,FINAL APPROACH,1127,1127,0.0149,55,-12.2,-0.5,12.3,-12.8,1,6253
1018,FINAL APPROACH,1113,1113,0.0143,54,-12.2,-0.5,12.7,-13.1,1,6192
1019,FINAL APPROACH,1100,1099,0.0138,53,-12.3,-0.4,13,-13.4,1,6133
1020,FINAL APPROACH,1086,1085,0.0133,52,-12.3,-0.3,13.5,-13.8,1,6074
1021,FINAL APPROACH,1072,1072,0.0127,51,-12.4,-0.2,13.9,-14.1,1,6017
1022,FINAL APPROACH,1058,1058,0.0122,50,-12.4,-0.1,14.3,-14.5,1,5961
1023,FINAL APPROACH,1044,1044,0.0118,49,-12.4,0,14.8,-14.8,1,5906
1024,FINAL APPROACH,1030,1030,0.0113,48,-12.5,0.1,15.3,-15.2,1,5853
1026,FINAL APPROACH,1016,1016,0.0108,47,-12.5,0.3,15.9,-15.6,1,5800
1027,FINAL APPROACH,1002,1002,0.0104,46,-12.6,0.4,16.4,-16,1,5749
1028,FINAL APPROACH,988,988,0.01,45,-12.7,0.6,17,-16.5,1,5699
1029,FINAL APPROACH,974,974,0.0095,44,-12.7,0.7,17.7,-17,1,5650
1030,FINAL APPROACH,960,959,0.0091,43,-12.8,0.9,18.4,-17.5,1,5602
1031,FINAL APPROACH,946,945,0.0087,42,-12.9,1.1,19.1,-18,1,5555
1032,FINAL APPROACH,931,931,0.0083,41,-13,1.4,19.9,-18.6,1,5510
1033,FINAL APPROACH,917,916,0.0079,40,-13.1,1.7,20.8,-19.3,1,5465
1035,FINAL APPROACH,902,901,0.0076,39,-13.2,2,21.7,-20,1,5422
1036,FINAL APPROACH,887,887,0.0072,38,-13.4,2.4,22.8,-20.8,1,5380
1037,FINAL APPROACH,872,871,0.0068,37,-13.6,2.9,24.1,-21.8,1,5340
1038,FINAL APPROACH,857,856,0.0065,36,-13.9,3.6,25.7,-23,1,5300
1039,FINAL APPROACH,841,840,0.0062,35,-14.4,4.5,27.7,-24.4,1,5262
1040,FINAL APPROACH,825,824,0.0058,34,-14.9,5.6,29.4,-26.1,1,5225
1041,FINAL APPROACH,807,807,0.0056,33,-15.7,7.1,29.9,-28.1,1,5190
1042,FINAL APPROACH,790,789,0.0055,33,-16.5,8.8,29.4,-30.1,1,5157
1043,FINAL APPROACH,771,771,0.0056,33,-17.5,10.6,28.4,-31.8,1,5124
1044,FINAL APPROACH,752,751,0.0058,34,-18.4,12.4,27.6,-33,1,5092
1045,FINAL APPROACH,732,731,0.0061,34,-19.1,13.9,27.1,-33.7,1,5059
1047,FINAL APPROACH,711,711,0.0063,35,-19.5,15.1,26.8,-33.8,1,5026
1048,FINAL APPROACH,690,690,0.0065,36,-19.6,16,26.7,-33.5,1,4993
1049,FINAL APPROACH,670,669,0.0067,36,-19.5,16.7,26.6,-32.9,1,4959
1050,FINAL APPROACH,649,648,0.0068,36,-19.3,17.3,26.5,-32.3,1,4924
1051,FINAL APPROACH,628,627,0.0068,36,-18.9,17.7,26.5,-31.5,1,4888
1052,FINAL APPROACH,607,606,0.0068,36,-18.5,18,26.6,-30.9,1,4851
1053,FINAL APPROACH,586,586,0.0067,36,-18.1,18,26.7,-30.4,1,4814
1054,FINAL APPROACH,566,566,0.0067,36,-17.8,18,26.9,-30,1,4777
1055,FINAL APPROACH,547,546,0.0066,35,-17.6,18,27.1,-29.9,1,4741
1056,FINAL APPROACH,527,526,0.0065,35,-17.5,18,27.2,-29.9,1,4705
1058,FINAL APPROACH,508,507,0.0064,35,-17.4,18,27.3,-30,1,4669
1059,FINAL APPROACH,488,487,0.0064,35,-17.4,18,27.3,-30.2,1,4634
1060,FINAL APPROACH,468,468,0.0063,35,-17.5,18,27.4,-30.5,1,4599
1061,FINAL APPROACH,449,448,0.0063,35,-17.6,18,27.3,-30.7,1,4564
1062,FINAL APPROACH,429,428,0.0063,34,-17.7,18,27.3,-30.9,1,4529
1063,FINAL APPROACH,409,408,0.0064,35,-17.8,18,27.2,-31.1,1,4494
1064,FINAL APPROACH,389,388,0.0064,35,-17.9,18,27.2,-31.2,1,4460
1065,FINAL APPROACH,369,368,0.0064,35,-17.9,18,27.1,-31.2,1,4425
1067,FINAL APPROACH,349,348,0.0064,35,-17.9,18,27.1,-31.2,1,4391
1068,FINAL APPROACH,330,329,0.0065,35,-17.9,18,27.1,-31.1,1,4358
1069,FINAL APPROACH,311,310,0.0065,35,-17.8,18,27.1,-31.1,1,4325
1070,FINAL APPROACH,292,292,0.0065,35,-17.8,18,27.1,-31,1,4293
1071,FINAL APPROACH,273,273,0.0065,34,-17.7,18,27.1,-30.9,1,4260
1072,FINAL APPROACH,254,254,0.0065,34,-17.7,18,27.1,-30.8,1,4228
1073,FINAL APPROACH,236,235,0.0065,34,-17.6,18,27.1,-30.8,1,4196
1074,FINAL APPROACH,217,217,0.0064,34,-17.6,18,27.2,-30.8,1,4164
1075,FINAL APPROACH,198,198,0.0064,34,-17.5,18,27.2,-30.8,1,4132
1076,FINAL APPROACH,180,180,0.0064,34,-17.5,18,27.2,-30.8,1,4100
1077,FINAL APPROACH,161,161,0.0064,34,-17.5,18,27.2,-30.8,1,4069
1078,FINAL APPROACH,143,142,0.0064,34,-17.5,18,27.2,-30.9,1,4037
1079,FINAL APPROACH,124,124,0.0064,34,-17.5,18,27.2,-30.9,1,4006
1080,FINAL APPROACH,106,105,0.0064,34,-17.5,18,27.2,-30.9,1,3975
1081,FINAL APPROACH,87,87,0.0064,34,-17.5,18,27.2,-30.9,1,3944
1082,FINAL APPROACH,69,68,0.0064,34,-17.4,18,27.2,-30.9,1,3913
1083,FINAL APPROACH,50,50,0.0064,34,-17.4,18,27.2,-30.9,1,3882
1085,FINAL APPROACH,32,31,0.0064,34,-17.4,18,27.1,-30.9,1,3851
1086,FLARE,13,13,0.0064,34,-17.4,18,27.2,-30.9,0,3820
1087,FLARE,1,1,0.0001,2,1,2,34.3,37.4,0,3797
1088,FLARE,0,0,0,0,-0.3,2,0,-78.5,0,3796
1089,FLARE,0,0,0,0,-0.1,2,0,-86.2,0,3796
1090,FLARE,0,0,0,0,0,2,0,-76.2,0,3796
