met,phase,alt,q,airspeed,vspeed,pitchAOH,throttle,thrust,LF,Ox,intakeAir,cmdpitch,aoa,fpa,vs_tgt,iterm,LF_rate,Ox_rate
8,TAKEOFF ROLL,71,0,1,0,0.2,1,428,2240,1760,3.97,0,1.5,0,0,0,0.25,0
10,TAKEOFF ROLL,71,0.0001,4,0,0.2,1,428,2239,1760,3.95,0,0.3,-0.1,0,0,0.71,0
11,TAKEOFF ROLL,71,0.0005,10,0,0.2,1,428,2238,1760,3.93,0,0.3,-0.1,0,0,1.05,0
12,TAKEOFF ROLL,71,0.0014,17,0,0.2,1,427,2236,1760,3.91,0,0.3,-0.1,0,0,1.33,0
13,TAKEOFF ROLL,71,0.0032,25,-0.1,0.2,1,425,2235,1760,3.9,0,0.3,-0.1,0,0,1.55,0
14,TAKEOFF ROLL,71,0.0061,34,-0.1,0.2,1,423,2233,1760,3.89,0,0.3,-0.1,0,0,1.72,0
15,TAKEOFF ROLL,71,0.0101,44,-0.1,0.2,1,420,2231,1760,3.89,0,0.3,-0.1,0,0,1.85,0
16,TAKEOFF ROLL,71,0.0154,54,-0.1,0.2,1,419,2229,1760,3.88,0,0.3,-0.1,0,0,1.96,0
17,TAKEOFF ROLL,71,0.0221,64,-0.1,0.2,1,418,2226,1760,3.88,0,0.3,-0.1,0,0,2.05,0
18,TAKEOFF ROLL,71,0.0303,75,-0.1,0.2,1,420,2224,1760,3.87,0,0.3,-0.1,0,0,2.12,0
19,ROTATE / BUILDING SPEED,71,0.039,85,-0.1,0.3,1,425,2222,1760,3.87,6.5,0.4,-0.1,0,0,2.2,0
20,ROTATE / BUILDING SPEED,71,0.0496,96,-0.1,0.3,1,432,2220,1760,3.86,7.4,0.4,-0.1,0,0,2.27,0
21,ROTATE / BUILDING SPEED,71,0.0615,107,0.1,1.5,1,441,2217,1760,3.85,8.3,1.5,0,0,0,2.36,0
23,ROTATE / BUILDING SPEED,72,0.0739,117,0.4,8.4,1,452,2215,1760,3.85,9.2,8.4,0.1,0,0,2.45,0
24,ROTATE / BUILDING SPEED,76,0.0843,124,6.5,12.9,1,462,2212,1760,3.84,10.5,10.2,2.6,0,0,2.53,0
25,AIR ASCENT (peak 132 m/s),88,0.0968,134,11.8,12.8,1,474,2209,1760,3.84,10.9,7.9,4.9,0,0,2.61,0
26,AIR ASCENT (peak 141 m/s),102,0.1094,142,15.1,12.6,1,487,2206,1760,3.83,10.3,6.6,6,0,0,2.71,0
27,AIR ASCENT (peak 153 m/s),123,0.1289,154,17.3,11.6,1,507,2202,1760,3.82,10.4,5.2,6.4,0,0,2.81,0
29,AIR ASCENT (peak 167 m/s),147,0.1521,168,18.6,10.9,1,532,2198,1760,3.81,10.4,4.6,6.4,0,0,2.95,0
30,AIR ASCENT (peak 181 m/s),172,0.1791,183,19.6,10.4,1,561,2194,1760,3.8,10.2,4.2,6.2,0,0,3.12,0
31,AIR ASCENT (peak 196 m/s),199,0.2101,198,20.9,10.1,1,595,2190,1760,3.79,10.1,4,6.1,0,0,3.3,0
33,AIR ASCENT (peak 213 m/s),227,0.2453,214,22.6,9.9,1,633,2185,1760,3.77,10,3.9,6,0,0,3.52,0
34,AIR ASCENT (peak 230 m/s),259,0.2851,232,24.7,9.9,1,675,2181,1760,3.76,10.1,3.8,6.1,0,0,3.75,0
35,AIR ASCENT (peak 248 m/s),293,0.3308,250,27.2,10,1,722,2175,1760,3.74,10.2,3.8,6.2,0,0,4.01,0
37,AIR ASCENT (peak 267 m/s),331,0.3813,269,30.2,10.2,1,773,2170,1760,3.73,10.4,3.8,6.4,0,0,4.3,0
38,AIR ASCENT (peak 287 m/s),373,0.4378,289,33.6,10.4,1,827,2164,1760,3.71,10.7,3.8,6.7,0,0,4.6,0
39,AIR ASCENT (peak 307 m/s),420,0.5003,310,37.6,10.7,1,884,2157,1760,3.69,10.9,3.8,6.9,0,0,4.93,0
40,AIR ASCENT (peak 328 m/s),473,0.5653,330,42.3,11.2,1,942,2150,1760,3.67,11.3,3.9,7.3,0,0,5.26,0
42,AIR ASCENT (peak 345 m/s),533,0.622,347,48,11.9,1,989,2143,1760,3.65,11.9,4,7.9,0,0,5.57,0
43,AIR ASCENT (peak 358 m/s),601,0.6638,359,54.6,12.7,1,1022,2136,1760,3.64,12.6,4,8.6,0,0,5.76,0
44,AIR ASCENT (peak 368 m/s),677,0.6931,369,61.4,13.4,1,1044,2128,1760,3.63,13.4,3.9,9.5,0,0,5.89,0
46,AIR ASCENT (peak 376 m/s),763,0.7149,376,68.1,14.1,1,1059,2120,1760,3.62,14.2,3.8,10.3,0,0,5.97,0
47,AIR ASCENT (peak 382 m/s),857,0.7326,383,74.4,14.7,1,1070,2112,1760,3.62,15,3.6,11.1,0,0,6.04,0
48,AIR ASCENT (peak 389 m/s),960,0.7484,390,80.5,15.4,1,1079,2104,1760,3.61,15.8,3.5,11.9,0,0,6.09,0
50,AIR ASCENT (peak 395 m/s),1070,0.7625,396,86.7,16.1,1,1087,2096,1760,3.61,16.6,3.5,12.6,0,0,6.13,0
51,AIR ASCENT (peak 401 m/s),1189,0.7745,402,93.1,16.8,1,1093,2088,1760,3.6,17.3,3.5,13.3,0,0,6.16,0
52,AIR ASCENT (peak 407 m/s),1316,0.7842,408,99.6,17.5,1,1098,2080,1760,3.6,18.1,3.5,14.1,0,0,6.19,0
54,AIR ASCENT (peak 412 m/s),1453,0.7916,413,106.3,18.3,1,1100,2072,1760,3.6,18.8,3.5,14.8,0,0,6.21,0
55,AIR ASCENT (peak 417 m/s),1598,0.797,418,113.3,19.1,1,1101,2064,1760,3.6,19.6,3.5,15.6,0,0,6.23,0
56,AIR ASCENT (peak 422 m/s),1752,0.8005,423,120.4,20,1,1101,2056,1760,3.6,20.4,3.5,16.5,0,0,6.23,0
58,AIR ASCENT (peak 427 m/s),1916,0.8023,428,127.7,20.8,1,1100,2048,1760,3.6,21.2,3.5,17.3,0,0,6.23,0
59,AIR ASCENT (peak 432 m/s),2090,0.8029,432,135.1,21.7,1,1098,2040,1760,3.6,22,3.5,18.1,0,0,6.23,0
60,AIR ASCENT (peak 437 m/s),2273,0.8026,437,142.6,22.5,1,1096,2032,1760,3.6,22.8,3.5,18.9,0,0,6.23,0
62,AIR ASCENT (peak 442 m/s),2467,0.8016,442,150.3,23.3,1,1094,2024,1760,3.6,23.6,3.5,19.8,0,0,6.23,0
63,AIR ASCENT (peak 447 m/s),2670,0.8,448,158,24.1,1,1092,2016,1760,3.6,24.4,3.5,20.6,0,0,6.22,0
64,AIR ASCENT (peak 452 m/s),2884,0.7982,453,166,25,1,1090,2008,1760,3.6,25,3.6,21.4,0,0,6.22,0
66,AIR ASCENT (peak 458 m/s),3105,0.7977,459,173.7,25.5,1,1091,2000,1760,3.59,25,3.3,22.2,0,0,6.22,0
67,AIR ASCENT (peak 467 m/s),3336,0.804,468,180.8,25.6,1,1097,1992,1760,3.59,25,2.9,22.7,0,0,6.25,0
68,AIR ASCENT (peak 478 m/s),3575,0.818,480,187.3,25.5,1,1111,1984,1760,3.58,25,2.5,23,0,0,6.3,0
69,AIR ASCENT (peak 492 m/s),3823,0.8384,493,193.5,25.4,1,1132,1975,1760,3.57,25,2.3,23.1,0,0,6.39,0
71,AIR ASCENT (peak 507 m/s),4079,0.8642,509,199.8,25.2,1,1157,1967,1760,3.56,25,2.1,23.1,0,0,6.5,0
72,AIR ASCENT (peak 525 m/s),4343,0.894,527,206.4,25.1,1,1187,1959,1760,3.55,25,2,23.1,0,0,6.63,0
73,AIR ASCENT (peak 544 m/s),4616,0.927,546,213.5,25,1,1220,1950,1760,3.54,25,1.9,23,0,0,6.77,0
75,AIR ASCENT (peak 564 m/s),4898,0.9627,567,221.4,24.9,1,1256,1941,1760,3.52,25,1.9,23,0,0,6.92,0
76,AIR ASCENT (peak 587 m/s),5192,1.0006,589,230.1,24.9,1,1294,1932,1760,3.51,25,1.9,23,0,0,7.06,0
77,AIR ASCENT (peak 610 m/s),5497,1.039,613,239.4,24.9,1,1333,1923,1760,3.51,25,1.9,23,0,0,7.16,0
79,AIR ASCENT (peak 634 m/s),5815,1.0764,637,249.3,24.9,1,1372,1914,1760,3.5,25,1.9,23,0,0,7.26,0
80,AIR ASCENT (peak 659 m/s),6145,1.1106,662,259.5,25,1,1407,1904,1760,3.49,25,1.9,23.1,0,0,7.35,0
81,AIR ASCENT (peak 683 m/s),6490,1.1407,687,270,25,1,1438,1895,1760,3.49,25,1.9,23.2,0,0,7.43,0
82,AIR ASCENT (peak 709 m/s),6848,1.1665,712,280.7,25.1,1,1468,1885,1760,3.48,25,1.9,23.2,0,0,7.5,0
84,AIR ASCENT (peak 734 m/s),7220,1.188,737,291.5,25.1,1,1498,1875,1760,3.48,25,1.8,23.3,0,0,7.57,0
85,AIR ASCENT (peak 760 m/s),7606,1.2051,763,302.3,25.1,1,1527,1866,1760,3.48,25,1.8,23.3,0,0,7.63,0
86,AIR ASCENT (peak 787 m/s),8006,1.2175,790,313.3,25.1,1,1552,1856,1760,3.47,25,1.7,23.4,0,0,7.69,0
88,AIR ASCENT (peak 814 m/s),8421,1.2245,817,324.2,25.1,1,1570,1846,1760,3.47,25,1.7,23.4,0,0,7.73,0
89,AIR ASCENT (peak 841 m/s),8849,1.2248,844,335.2,25.1,1,1580,1836,1760,3.47,25,1.7,23.4,0,0,7.76,0
90,AIR ASCENT (peak 869 m/s),9292,1.2018,872,346.2,25.1,1,1570,1826,1760,3.47,24.6,1.7,23.4,0,0,7.75,0
92,AIR ASCENT (peak 898 m/s),9749,1.1768,901,356.6,24.6,1,1552,1816,1760,3.48,23.8,1.3,23.3,0,0,7.72,0
93,AIR ASCENT (peak 929 m/s),10219,1.1531,933,365.4,23.9,1,1526,1806,1760,3.48,23,0.8,23.1,0,0,7.67,0
94,AIR ASCENT (peak 963 m/s),10699,1.1302,967,372.9,23.1,1,1494,1797,1760,3.49,22.2,0.4,22.7,0,0,7.61,0
95,AIR ASCENT (peak 998 m/s),11188,1.1066,1002,379.3,22.4,1,1455,1787,1760,3.49,21.4,0.1,22.3,0,0,7.53,0
97,AIR ASCENT (peak 1034 m/s),11692,1.079,1038,384.4,21.5,1,1409,1777,1760,3.5,20.6,0.3,21.8,0,0,7.43,0
98,AIR ASCENT (peak 1067 m/s),12193,1.0447,1071,386.3,20.4,1,1355,1768,1760,3.51,19.8,0.8,21.2,0,0,7.32,0
99,AIR ASCENT (peak 1098 m/s),12695,1.0051,1102,385.7,19.4,1,1287,1759,1760,3.52,19,1.2,20.6,0,0,7.18,0
101,AIR ASCENT (peak 1127 m/s),13195,0.9626,1131,383.4,18.5,1,1210,1750,1760,3.53,18.2,1.4,19.9,0,0,6.99,0
102,AIR ASCENT (peak 1154 m/s),13691,0.9173,1157,379.5,17.6,1,1127,1741,1760,3.55,17.4,1.7,19.2,0,0,6.72,0
103,AIR ASCENT (peak 1178 m/s),14180,0.8698,1181,374,16.7,1,1046,1733,1760,3.57,16.6,1.9,18.5,0,0,6.38,0
105,AIR ASCENT (peak 1199 m/s),14662,0.8207,1202,367.1,15.8,1,969,1725,1760,3.58,15.8,2,17.9,0,0,5.95,0
106,AIR ASCENT (peak 1217 m/s),15134,0.7714,1219,359.1,15,1,898,1718,1760,3.6,15,2.2,17.2,0,0,5.54,0
107,AIR ASCENT (peak 1233 m/s),15595,0.7234,1235,350.2,14.2,1,836,1712,1760,3.61,14.2,2.3,16.5,0,0,5.16,0
108,AIR ASCENT (peak 1246 m/s),16044,0.6774,1248,340.6,13.4,1,779,1706,1760,3.63,13.4,2.5,15.9,0,0,4.83,0
110,AIR ASCENT (peak 1258 m/s),16480,0.6326,1260,330.5,12.6,1,728,1700,1760,3.64,12.6,2.6,15.3,0,0,4.53,0
111,AIR ASCENT (peak 1269 m/s),16902,0.5909,1270,320.1,11.9,1,682,1694,1760,3.65,11.8,2.8,14.7,0,0,4.25,0
112,AIR ASCENT (peak 1279 m/s),17311,0.5523,1280,309.2,11.1,1,638,1689,1760,3.67,11,3,14,0,0,3.99,0
114,AIR ASCENT (peak 1287 m/s),17706,0.5168,1288,298.1,10.3,1,597,1685,1760,3.68,10.2,3.2,13.4,0,0,3.75,0
115,AIR ASCENT (peak 1294 m/s),18085,0.4842,1295,286.6,9.5,1,559,1680,1760,3.7,9.4,3.4,12.9,0,0,3.52,0
116,AIR ASCENT (peak 1300 m/s),18450,0.4545,1301,275,8.8,1,524,1676,1760,3.71,9,3.5,12.3,0,0,3.3,0
118,AIR ASCENT (peak 1306 m/s),18800,0.4278,1307,263.8,8.4,1,490,1672,1760,3.73,8.7,3.3,11.7,0,0,3.1,0
119,AIR ASCENT (peak 1312 m/s),19136,0.4038,1313,253.2,8.1,1,458,1668,1760,3.74,8.4,3,11.2,0,0,2.91,0
120,AIR ASCENT (peak 1318 m/s),19458,0.3823,1319,243.1,7.9,1,428,1665,1760,3.76,8.1,2.8,10.7,0,0,2.72,0
121,AIR ASCENT (peak 1324 m/s),19768,0.3628,1324,233.7,7.7,1,399,1661,1760,3.77,7.9,2.5,10.2,0,0,2.55,0
123,AIR ASCENT (peak 1329 m/s),20066,0.3452,1330,224.7,7.5,1,372,1658,1760,3.78,7.6,2.3,9.8,0,0,2.38,0
124,AIR ASCENT (peak 1335 m/s),20352,0.3291,1335,216.1,7.3,1,348,1656,1760,3.79,7.3,2.1,9.4,0,0,2.23,0
125,AIR ASCENT (peak 1340 m/s),20627,0.3143,1341,207.8,7.1,1,325,1653,1760,3.81,7.1,1.9,9,0,0,2.08,0
127,AIR ASCENT (peak 1345 m/s),20892,0.3007,1346,199.7,6.9,1,303,1650,1760,3.82,6.9,1.7,8.6,0,0,1.95,0
128,AIR ASCENT (peak 1350 m/s),21146,0.2881,1350,191.9,6.7,1,284,1648,1760,3.83,6.6,1.5,8.2,0,0,1.82,0
129,AIR ASCENT (peak 1354 m/s),21391,0.2765,1355,184.3,6.5,1,265,1646,1760,3.84,6.4,1.4,7.9,0,0,1.71,0
131,AIR ASCENT (peak 1358 m/s),21625,0.2657,1359,176.8,6.3,1,249,1644,1760,3.85,6.2,1.3,7.5,0,0,1.6,0
132,AIR ASCENT (peak 1362 m/s),21850,0.2557,1363,169.5,6.1,1,233,1642,1760,3.86,6,1.1,7.2,0,0,1.5,0
133,AIR ASCENT (peak 1366 m/s),22066,0.2465,1367,162.3,5.9,1,219,1640,1760,3.86,5.8,1,6.9,0,0,1.41,0
134,AIR ASCENT (peak 1370 m/s),22272,0.2379,1370,155.2,5.7,1,205,1638,1760,3.87,5.7,0.8,6.5,0,0,1.32,0
136,AIR ASCENT (peak 1373 m/s),22469,0.23,1374,148.3,5.5,1,193,1637,1760,3.88,5.5,0.7,6.2,0,0,1.24,0
137,AIR ASCENT (peak 1377 m/s),22660,0.2226,1377,141.4,5.3,1,181,1635,1760,3.89,5.3,0.6,5.9,0,0,1.17,0
138,AIR ASCENT (peak 1380 m/s),22839,0.2159,1380,134.7,5.2,1,171,1634,1760,3.89,5.2,0.4,5.6,0,0,1.1,0
140,AIR ASCENT (peak 1383 m/s),23010,0.2097,1383,128,5,1,161,1633,1760,3.9,5,0.3,5.3,0,0,1.04,0
141,AIR ASCENT (peak 1386 m/s),23172,0.204,1386,121.5,4.9,1,153,1631,1760,3.9,5,0.2,5.1,0,0,0.98,0
142,AIR ASCENT (peak 1388 m/s),23326,0.1988,1389,115.1,4.9,1,145,1630,1760,3.91,5,0.1,4.8,0,0,0.93,0
144,AIR ASCENT (peak 1391 m/s),23471,0.1939,1391,108.9,4.9,1,137,1629,1760,3.91,5,0.4,4.5,0,0,0.88,0
145,AIR ASCENT (peak 1393 m/s),23609,0.1893,1393,102.8,4.9,1,131,1628,1760,3.92,5,0.6,4.3,0,0,0.84,0
146,AIR ASCENT (peak 1395 m/s),23738,0.185,1395,96.8,4.9,1,125,1627,1760,3.92,5,0.9,4,0,0,0.8,0
147,AIR ASCENT (peak 1396 m/s),23860,0.181,1396,91,5,1,120,1626,1760,3.92,5,1.2,3.8,0,0,0.77,0
149,AIR ASCENT (peak 1397 m/s),23975,0.1773,1397,85.3,5,1,115,1625,1760,3.93,5,1.5,3.5,0,0,0.74,0
150,AIR ASCENT (peak 1397 m/s),24082,0.1737,1397,79.7,5,1,94,1624,1760,3.93,5,1.7,3.3,0,0,0.63,0
151,AIR ASCENT (peak 1397 m/s),24182,0.1703,1397,74.1,5,1,91,1623,1760,3.93,5,1.9,3.1,0,0,0.6,0
153,AIR ASCENT (peak 1397 m/s),24275,0.1672,1396,68.7,5,1,88,1623,1760,3.93,5,2.2,2.8,0,0,0.58,0
154,AIR ASCENT (peak 1397 m/s),24360,0.1643,1396,63.3,5,1,86,1622,1760,3.93,5,2.4,2.6,0,0,0.57,0
155,AIR ASCENT (peak 1397 m/s),24439,0.1617,1395,58.1,5,1,84,1621,1760,3.94,5,2.6,2.4,0,0,0.55,0
157,ROCKET CLIMB,24540,0.16,1402,51.5,5,1,360,1610,1746,4,5.2,2.9,2.1,0,0,6.15,7.21
158,ROCKET CLIMB,24592,0.1603,1410,48.3,5.3,1,360,1598,1732,4,6.4,3.3,2,0,0,11.04,13.24
159,ROCKET CLIMB,24643,0.1605,1418,45.6,6.5,1,360,1586,1718,4,7.6,4.6,1.9,0,0,11.04,13.24
160,ROCKET CLIMB,24692,0.1605,1424,43.9,7.7,1,360,1575,1704,4,8.8,6,1.8,0,0,11.04,13.24
161,ROCKET CLIMB,24739,0.1604,1430,42.9,8.9,1,360,1563,1689,4,10,7.2,1.7,0,0,11.04,13.24
162,ROCKET CLIMB,24785,0.16,1435,42.9,10.2,1,360,1551,1675,4,11.2,8.5,1.7,0,0,11.04,12.99
164,ROCKET CLIMB,24831,0.1595,1438,43.6,11.4,1,360,1540,1661,4,11.7,9.7,1.7,0,0,11.04,12.98
165,ROCKET CLIMB,24878,0.1587,1441,44.9,12,1,360,1528,1647,4,11.8,10.2,1.8,0,0,11.04,12.98
166,ROCKET CLIMB,24926,0.1579,1444,46.3,12.1,1,360,1517,1633,4,11.8,10.3,1.8,0,0,11.04,12.98
167,ROCKET CLIMB,24976,0.1571,1447,47.8,12.2,1,360,1505,1619,4,11.9,10.3,1.9,0,0,11.04,12.98
168,ROCKET CLIMB,25028,0.1562,1450,49.3,12.3,1,360,1494,1605,4,11.9,10.3,1.9,0,0,11.04,12.98
169,ROCKET CLIMB,25081,0.1553,1453,50.8,12.3,1,360,1482,1591,4,12,10.3,2,0,0,11.04,12.98
170,ROCKET CLIMB,25135,0.1544,1456,52.3,12.3,1,360,1471,1577,4,12,10.3,2.1,0,0,11.04,12.98
171,ROCKET CLIMB,25191,0.1534,1460,53.8,12.3,1,360,1459,1563,4,12.1,10.2,2.1,0,0,11.04,12.98
172,ROCKET CLIMB,25249,0.1524,1463,55.3,12.3,1,360,1448,1549,4,12.2,10.2,2.2,0,0,11.04,12.98
173,ROCKET CLIMB,25308,0.1515,1466,56.7,12.3,1,360,1436,1535,4,12.2,10.1,2.2,0,0,11.04,12.98
174,ROCKET CLIMB,25369,0.1505,1470,58.2,12.4,1,360,1425,1521,4,12.3,10.1,2.3,0,0,11.04,12.98
175,ROCKET CLIMB,25432,0.1494,1474,59.6,12.4,1,360,1414,1507,4,12.3,10.1,2.3,0,0,11.04,12.98
176,ROCKET CLIMB,25496,0.1484,1477,61.1,12.4,1,360,1402,1493,4,12.4,10.1,2.4,0,0,11.04,12.98
177,ROCKET CLIMB,25561,0.1473,1481,62.6,12.5,1,360,1391,1479,4,12.4,10,2.4,0,0,11.04,12.98
178,ROCKET CLIMB,25628,0.1462,1485,64.1,12.5,1,360,1379,1464,4,12.5,10,2.5,0,0,11.04,12.98
179,ROCKET CLIMB,25697,0.1451,1489,65.6,12.5,1,360,1368,1450,4,12.5,10,2.5,0,0,11.04,12.98
181,ROCKET CLIMB,25767,0.144,1493,67.1,12.6,1,360,1356,1436,4,12.6,10,2.6,0,0,11.04,12.98
182,ROCKET CLIMB,25839,0.1427,1497,68.6,12.6,1,360,1345,1422,4,12.6,10,2.6,0,0,11.04,12.98
183,ROCKET CLIMB,25913,0.1415,1501,70.2,12.7,1,360,1333,1408,4,12.7,10,2.7,0,0,11.04,12.98
184,ROCKET CLIMB,25988,0.1402,1506,71.8,12.7,1,360,1322,1394,4,12.7,10,2.7,0,0,11.04,12.98
185,ROCKET CLIMB,26065,0.1389,1510,73.4,12.8,1,360,1310,1380,4,12.8,10,2.8,0,0,11.04,12.98
186,ROCKET CLIMB,26144,0.1376,1514,75,12.8,1,360,1299,1366,4,12.8,10,2.8,0,0,11.04,12.98
187,ROCKET CLIMB,26224,0.1363,1519,76.6,12.9,1,360,1287,1352,4,12.9,10,2.9,0,0,11.04,12.98
188,ROCKET CLIMB,26306,0.1349,1524,78.2,13,1,360,1276,1338,4,12.9,10,2.9,0,0,11.04,12.98
189,ROCKET CLIMB,26390,0.1335,1528,79.9,13,1,360,1264,1324,4,13,10,3,0,0,11.04,12.98
190,ROCKET CLIMB,26475,0.1321,1533,81.6,13.1,1,360,1253,1310,4,13,10,3,0,0,11.04,12.98
191,ROCKET CLIMB,26563,0.1307,1538,83.3,13.1,1,360,1241,1296,4,13.1,10,3.1,0,0,11.04,12.98
192,ROCKET CLIMB,26652,0.1293,1543,85,13.2,1,360,1230,1282,4,13.2,10,3.2,0,0,11.04,12.98
193,ROCKET CLIMB,26743,0.1279,1548,86.8,13.2,1,360,1218,1268,4,13.2,10,3.2,0,0,11.04,12.98
194,ROCKET CLIMB,26836,0.1264,1554,88.6,13.3,1,360,1207,1254,4,13.3,10,3.3,0,0,11.04,12.98
195,ROCKET CLIMB,26931,0.1249,1559,90.3,13.3,1,360,1195,1240,4,13.3,10,3.3,0,0,11.04,12.98
196,ROCKET CLIMB,27027,0.1234,1564,92.2,13.4,1,360,1184,1226,4,13.4,10,3.4,0,0,11.04,12.98
197,ROCKET CLIMB,27126,0.1219,1570,94,13.4,1,360,1172,1212,4,13.4,10,3.4,0,0,11.04,12.98
199,ROCKET CLIMB,27227,0.1204,1576,95.9,13.5,1,360,1161,1198,4,13.5,10,3.5,0,0,11.04,12.98
200,ROCKET CLIMB,27329,0.1188,1581,97.8,13.6,1,360,1149,1184,4,13.5,10,3.5,0,0,11.04,12.98
201,ROCKET CLIMB,27434,0.1173,1587,99.7,13.6,1,360,1138,1170,4,13.6,10,3.6,0,0,11.04,12.98
202,ROCKET CLIMB,27541,0.1157,1593,101.6,13.7,1,360,1126,1156,4,13.6,10,3.6,0,0,11.04,12.98
203,ROCKET CLIMB,27649,0.1141,1600,103.6,13.7,1,360,1115,1142,4,13.7,10,3.7,0,0,11.04,12.98
204,ROCKET CLIMB,27760,0.1125,1606,105.6,13.8,1,360,1104,1128,4,13.8,10,3.8,0,0,11.04,12.98
205,ROCKET CLIMB,27873,0.1109,1612,107.6,13.8,1,360,1092,1114,4,13.8,10,3.8,0,0,11.04,12.98
206,ROCKET CLIMB,27988,0.1093,1619,109.7,13.9,1,360,1081,1100,4,13.9,10,3.9,0,0,11.04,12.98
207,ROCKET CLIMB,28106,0.1077,1625,111.8,14,1,360,1069,1086,4,13.9,10,3.9,0,0,11.04,12.98
208,ROCKET CLIMB,28225,0.106,1632,113.9,14,1,360,1058,1072,4,14,10,4,0,0,11.04,12.98
209,ROCKET CLIMB,28347,0.1044,1639,116.1,14.1,1,360,1046,1058,4,14.1,10,4.1,0,0,11.04,12.98
210,ROCKET CLIMB,28472,0.1028,1646,118.3,14.2,1,360,1035,1043,4,14.1,10,4.1,0,0,11.04,12.98
211,ROCKET CLIMB,28598,0.1011,1653,120.6,14.2,1,360,1023,1029,4,14.2,10,4.2,0,0,11.04,12.98
212,ROCKET CLIMB,28727,0.0994,1660,122.9,14.3,1,360,1012,1015,4,14.2,10,4.2,0,0,11.04,12.98
213,ROCKET CLIMB,28859,0.0978,1668,125.3,14.3,1,360,1000,1001,4,14.3,10,4.3,0,0,11.04,12.98
214,ROCKET CLIMB,28993,0.0961,1675,127.6,14.4,1,360,989,987,4,14.4,10,4.4,0,0,11.04,12.98
215,ROCKET CLIMB,29129,0.0945,1683,130.1,14.5,1,360,977,973,4,14.4,10,4.4,0,0,11.04,12.98
217,ROCKET CLIMB,29269,0.0928,1691,132.5,14.5,1,360,966,959,4,14.5,10,4.5,0,0,11.04,12.98
218,ROCKET CLIMB,29410,0.0911,1699,135.1,14.6,1,360,954,945,4,14.5,10,4.6,0,0,11.04,12.98
219,ROCKET CLIMB,29555,0.0895,1707,137.6,14.6,1,360,943,931,4,14.6,10,4.6,0,0,11.04,12.98
220,ROCKET CLIMB,29702,0.0878,1715,140.2,14.7,1,360,931,917,4,14.7,10,4.7,0,0,11.04,12.98
221,ROCKET CLIMB,29852,0.0861,1724,142.9,14.8,1,360,920,903,4,14.7,10,4.7,0,0,11.04,12.98
222,ROCKET CLIMB,30005,0.0845,1733,145.6,14.6,1,360,908,889,4,13.5,9.8,4.8,0,0,11.04,12.98
223,ROCKET CLIMB,30160,0.0829,1742,148,13.6,1,360,897,875,4,12.3,8.7,4.9,0,0,11.04,12.98
224,ROCKET CLIMB,30318,0.0814,1752,149.8,12.5,1,360,885,861,4,11.1,7.6,4.9,0,0,11.04,13.24
225,ROCKET CLIMB,30480,0.0799,1763,151.2,11.3,1,360,874,847,4,9.9,6.4,4.9,0,0,11.04,13.24
226,ROCKET CLIMB,30644,0.0785,1774,152.1,10.2,1,360,862,832,4,9.9,5.3,4.9,0,0,11.04,13.24
227,ROCKET CLIMB,30809,0.0771,1786,152.8,9.9,1,360,850,818,4,9.9,5,4.9,0,0,11.04,13.24
228,ROCKET CLIMB,30974,0.0758,1799,153.5,9.7,1,360,839,804,4,9.9,4.8,4.9,0,0,11.04,13.24
229,ROCKET CLIMB,31140,0.0745,1811,154.2,9.6,1,360,827,790,4,9.9,4.7,4.9,0,0,11.04,13.24
230,ROCKET CLIMB,31307,0.0733,1824,155,9.5,1,360,815,775,4,9.1,4.7,4.9,0,0,11.04,12.99
232,ROCKET CLIMB,31474,0.0721,1837,155.6,8.7,1,360,803,761,4,7.9,3.9,4.9,0,0,11.04,12.99
233,ROCKET CLIMB,31643,0.0709,1850,155.9,7.6,1,360,792,747,4,6.7,2.8,4.8,0,0,11.04,12.99
234,ROCKET CLIMB,31811,0.0698,1865,155.7,6.4,1,360,780,732,4,5.5,1.6,4.8,0,0,11.04,12.99
235,ROCKET CLIMB,31978,0.0688,1879,155,5.2,1,360,768,718,4,5,0.5,4.7,0,0,11.04,12.99
236,ROCKET CLIMB,32145,0.0679,1895,154.1,4.7,1,360,757,704,4,5,0.1,4.7,0,0,11.04,12.99
237,ROCKET CLIMB,32311,0.0669,1910,153.3,4.6,1,360,745,689,4,5,0,4.6,0,0,11.04,12.99
238,ROCKET CLIMB,32476,0.066,1925,152.5,4.6,1,360,733,675,4,5,0,4.6,0,0,11.04,12.99
239,ROCKET CLIMB,32640,0.0652,1941,151.9,4.6,1,360,722,661,4,5,0.1,4.5,0,0,11.04,12.99
240,ROCKET CLIMB,32804,0.0643,1957,151.5,4.7,1,360,710,647,4,5,0.2,4.4,0,0,11.04,12.99
241,ROCKET CLIMB,32967,0.0635,1972,151.2,4.7,1,360,698,632,4,5,0.3,4.4,0,0,11.04,12.99
242,ROCKET CLIMB,33131,0.0626,1988,151.1,4.8,1,360,686,618,4,5,0.4,4.4,0,0,11.04,12.99
243,ROCKET CLIMB,33294,0.0618,2004,151.1,4.8,1,360,675,604,4,5,0.5,4.3,0,0,11.04,12.99
244,ROCKET CLIMB,33457,0.061,2020,151.3,4.9,1,360,663,589,4,5,0.6,4.3,0,0,11.04,12.99
246,ROCKET CLIMB,33620,0.0602,2036,151.7,4.9,1,360,651,575,4,5,0.6,4.3,0,0,11.04,12.99
247,ROCKET CLIMB,33784,0.0593,2052,152.2,4.9,1,360,640,561,4,5,0.7,4.3,0,0,11.04,12.99
248,ROCKET CLIMB,33949,0.0585,2068,152.8,5,1,360,628,546,4,5,0.7,4.2,0,0,11.04,12.99
249,ROCKET CLIMB,34114,0.0577,2085,153.6,5,1,360,616,532,4,5,0.7,4.2,0,0,11.04,12.99
250,ROCKET CLIMB,34281,0.0569,2101,154.5,5,1,360,605,518,4,5,0.8,4.2,0,0,11.04,12.99
251,ROCKET CLIMB,34448,0.0561,2118,155.6,5,1,360,593,504,4,5,0.8,4.2,0,0,11.04,12.99
252,ROCKET CLIMB,34617,0.0553,2134,156.8,5,1,360,581,489,4,5,0.8,4.2,0,0,11.04,12.99
253,ROCKET CLIMB,34787,0.0544,2151,158.2,5,1,360,569,475,4,5,0.8,4.2,0,0,11.04,12.99
254,ROCKET CLIMB,34958,0.0536,2168,159.7,5,1,360,558,461,4,5,0.8,4.2,0,0,11.04,12.99
255,ROCKET CLIMB,35132,0.0527,2181,161.1,5,0.2,360,549,450,4,5,0.8,4.2,0,0,8.87,10.44
256,COAST TO SPACE,35306,0.051,2181,161.3,4.7,0,360,548,449,4,5,0.5,4.2,0,0,0.67,0.76
257,COAST TO SPACE,35476,0.0494,2179,161.2,4.1,0,360,548,449,4,5,0.2,4.2,0,0,0,0
258,COAST TO SPACE,35647,0.0479,2178,161.1,4.1,0,360,548,449,4,5,0.2,4.2,0,0,0,0
260,COAST TO SPACE,35818,0.0464,2176,161.1,4.1,0,360,548,449,4,5,0.2,4.2,0,0,0,0
261,COAST TO SPACE,35989,0.0449,2175,161,4,0,360,548,449,4,5,0.2,4.2,0,0,0,0
262,COAST TO SPACE,36159,0.0436,2174,160.9,4,0,360,548,449,4,5,0.3,4.2,0,0,0,0
263,COAST TO SPACE,36329,0.0422,2172,160.7,4,0,360,548,449,4,5,0.3,4.2,0,0,0,0
264,COAST TO SPACE,36500,0.0409,2171,160.6,4,0,360,548,449,4,5,0.3,4.2,0,0,0,0
265,COAST TO SPACE,36670,0.0397,2170,160.5,3.9,0,360,548,448,4,5,0.3,4.2,0,0,0.43,0.53
266,COAST TO SPACE,36840,0.0385,2170,160.5,3.9,0,360,547,448,4,5,0.3,4.2,0,0,0.63,0.77
267,COAST TO SPACE,37010,0.0373,2169,160.4,3.9,0,360,547,448,4,5,0.3,4.2,0,0,0,0
268,COAST TO SPACE,37180,0.0362,2169,160.3,3.9,0,360,546,447,4,5,0.3,4.2,0,0,0.79,0.97
269,COAST TO SPACE,37349,0.0352,2167,160.2,3.9,0,360,546,447,4,5,0.3,4.2,0,0,0,0
270,COAST TO SPACE,37519,0.0341,2167,160.1,3.9,0,360,546,446,4,5,0.3,4.2,0,0,0.68,0.83
271,COAST TO SPACE,37689,0.0331,2166,160,3.9,0,360,546,446,4,5,0.3,4.2,0,0,0,0
272,COAST TO SPACE,37858,0.0322,2166,160,3.9,0,360,545,445,4,5,0.3,4.2,0,0,0.67,0.82
273,COAST TO SPACE,38028,0.0313,2165,159.8,3.9,0,360,545,445,4,5,0.3,4.2,0,0,0,0
274,COAST TO SPACE,38197,0.0304,2164,159.8,3.9,0,360,545,444,4,5,0.3,4.2,0,0,0.44,0.54
275,COAST TO SPACE,38366,0.0296,2163,159.6,3.9,0,360,545,444,4,5,0.3,4.2,0,0,0,0
277,COAST TO SPACE,38535,0.0289,2163,159.6,3.9,0,360,544,444,4,5,0.3,4.2,0,0,0.68,0.83
278,COAST TO SPACE,38704,0.0281,2162,159.4,3.9,0,360,544,444,4,5,0.3,4.2,0,0,0,0
279,COAST TO SPACE,38873,0.0274,2162,159.4,3.9,0,360,543,443,4,5,0.3,4.2,0,0,0.62,0.76
280,COAST TO SPACE,39042,0.0266,2161,159.2,3.9,0,360,543,443,4,5,0.3,4.2,0,0,0,0
281,COAST TO SPACE,39211,0.026,2161,159.2,3.9,0,360,542,442,4,5,0.3,4.2,0,0,0.7,0.85
282,COAST TO SPACE,39379,0.0253,2160,159.1,3.9,0,360,542,442,4,5,0.3,4.2,0,0,0,0
283,COAST TO SPACE,39548,0.0246,2159,158.9,3.9,0,360,542,442,4,5,0.3,4.2,0,0,0,0
284,COAST TO SPACE,39716,0.024,2159,158.9,3.9,0,360,542,441,4,5,0.3,4.2,0,0,0.66,0.81
285,COAST TO SPACE,39884,0.0234,2158,158.7,3.9,0,360,542,441,4,5,0.3,4.2,0,0,0,0
286,COAST TO SPACE,40052,0.0228,2157,158.6,3.9,0,360,542,441,4,5,0.3,4.2,0,0,0,0
287,COAST TO SPACE,40220,0.0222,2157,158.5,3.9,0,360,541,440,4,5,0.3,4.2,0,0,0.54,0.66
288,COAST TO SPACE,40388,0.0216,2156,158.4,3.9,0,360,541,440,4,5,0.3,4.2,0,0,0,0
289,COAST TO SPACE,40556,0.0211,2156,158.3,3.9,0,360,541,440,4,5,0.3,4.2,0,0,0.62,0.75
290,COAST TO SPACE,40724,0.0206,2155,158.2,3.9,0,360,541,440,4,5,0.3,4.2,0,0,0,0
291,COAST TO SPACE,40891,0.02,2154,158,3.9,0,360,541,440,4,5,0.3,4.2,0,0,0,0
292,COAST TO SPACE,41058,0.0195,2153,157.9,3.9,0,360,540,439,4,5,0.3,4.2,0,0,0.47,0.57
293,COAST TO SPACE,41226,0.0191,2152,157.8,3.9,0,360,540,439,4,5,0.3,4.2,0,0,0,0
295,COAST TO SPACE,41393,0.0186,2152,157.7,3.9,0.34,360,540,438,4,5,0.3,4.2,0,0,0.29,0.44
296,COAST TO SPACE,41560,0.0182,2152,157.6,3.9,0,360,539,438,4,5,0.3,4.2,0,0,0.51,0.62
297,COAST TO SPACE,41727,0.0178,2151,157.4,3.9,0,360,539,438,4,5,0.3,4.2,0,0,0,0
298,COAST TO SPACE,41893,0.0173,2150,157.3,3.9,0,360,539,438,4,5,0.3,4.2,0,0,0,0
299,COAST TO SPACE,42060,0.0169,2149,157.2,3.9,0,360,539,438,4,5,0.3,4.2,0,0,0,0
300,COAST TO SPACE,42226,0.0165,2148,157,3.9,0,360,539,438,4,5,0.3,4.2,0,0,0,0
301,COAST TO SPACE,42393,0.0161,2148,156.9,3.9,0,360,539,437,4,5,0.3,4.2,0,0,0.52,0.64
302,COAST TO SPACE,42559,0.0157,2147,156.7,3.9,0,360,539,437,4,5,0.3,4.2,0,0,0,0
303,COAST TO SPACE,42725,0.0153,2146,156.6,3.9,0,360,539,437,4,5,0.3,4.2,0,0,0,0
304,COAST TO SPACE,42891,0.0149,2146,156.5,3.9,0,360,538,437,4,5,0.3,4.2,0,0,0.43,0.53
305,COAST TO SPACE,43056,0.0146,2145,156.3,3.8,0,360,538,437,4,5,0.3,4.2,0,0,0,0
306,COAST TO SPACE,43222,0.0142,2144,156.2,3.9,0,360,538,437,4,5,0.3,4.2,0,0,0,0
307,COAST TO SPACE,43387,0.0139,2144,156.1,3.8,0,360,538,436,4,5,0.3,4.2,0,0,0.57,0.7
308,COAST TO SPACE,43553,0.0135,2143,155.9,3.8,0,360,538,436,4,5,0.3,4.2,0,0,0,0
309,COAST TO SPACE,43718,0.0132,2143,155.7,3.8,0,360,538,436,4,5,0.3,4.2,0,0,0,0
310,COAST TO SPACE,43883,0.0128,2142,155.6,3.8,0,360,538,436,4,5,0.3,4.2,0,0,0,0
311,COAST TO SPACE,44047,0.0125,2142,155.5,3.8,0,360,537,435,4,5,0.3,4.2,0,0,0.54,0.66
313,COAST TO SPACE,44212,0.0122,2141,155.3,3.8,0,360,537,435,4,5,0.3,4.2,0,0,0,0
314,COAST TO SPACE,44377,0.0119,2140,155.1,3.8,0,360,537,435,4,5,0.3,4.2,0,0,0,0
315,COAST TO SPACE,44541,0.0116,2139,155,3.8,0,360,537,435,4,5,0.3,4.2,0,0,0,0
316,COAST TO SPACE,44705,0.0113,2139,154.8,3.8,0,360,537,435,4,5,0.3,4.2,0,0,0.47,0.57
317,COAST TO SPACE,44869,0.011,2138,154.7,3.8,0,360,537,435,4,5,0.3,4.1,0,0,0,0
318,COAST TO SPACE,45033,0.0108,2138,154.5,3.8,0,360,537,435,4,5,0.3,4.1,0,0,0,0
319,COAST TO SPACE,45196,0.0105,2137,154.3,3.8,0,360,537,435,4,5,0.3,4.1,0,0,0,0
320,COAST TO SPACE,45360,0.0102,2136,154.2,3.8,0.25,360,536,434,4,5,0.3,4.1,0,0,0.22,0.33
321,COAST TO SPACE,45523,0.01,2136,154,3.8,0,360,536,434,4,5,0.3,4.1,0,0,0.38,0.46
322,COAST TO SPACE,45686,0.0097,2135,153.8,3.8,0,360,536,434,4,5,0.3,4.1,0,0,0,0
323,COAST TO SPACE,45849,0.0095,2135,153.7,3.8,0,360,536,434,4,5,0.3,4.1,0,0,0,0
324,COAST TO SPACE,46012,0.0093,2134,153.5,3.8,0,360,536,434,4,5,0.3,4.1,0,0,0,0
325,COAST TO SPACE,46174,0.009,2133,153.3,3.8,0,360,536,434,4,5,0.3,4.1,0,0,0,0
326,COAST TO SPACE,46336,0.0088,2132,153.1,3.8,0,360,536,434,4,5,0.3,4.1,0,0,0,0
327,COAST TO SPACE,46499,0.0086,2131,152.9,3.8,0,360,536,434,4,5,0.3,4.1,0,0,0,0
328,COAST TO SPACE,46660,0.0084,2131,152.8,3.8,0,360,535,433,4,5,0.3,4.1,0,0,0.47,0.58
330,COAST TO SPACE,46822,0.0082,2131,152.6,3.8,0,360,535,433,4,5,0.3,4.1,0,0,0,0
331,COAST TO SPACE,46984,0.008,2130,152.4,3.8,0,360,535,433,4,5,0.3,4.1,0,0,0,0
332,COAST TO SPACE,47145,0.0078,2129,152.2,3.8,0,360,535,433,4,5,0.3,4.1,0,0,0,0
333,COAST TO SPACE,47306,0.0076,2128,152,3.8,0,360,535,433,4,5,0.3,4.1,0,0,0,0
334,COAST TO SPACE,47467,0.0074,2128,151.8,3.8,0,360,535,433,4,5,0.3,4.1,0,0,0,0
335,COAST TO SPACE,47628,0.0072,2128,151.6,3.7,0,360,535,433,4,5,0.3,4.1,0,0,0.49,0.6
336,COAST TO SPACE,47789,0.007,2127,151.4,3.8,0,360,535,433,4,5,0.3,4.1,0,0,0,0
337,COAST TO SPACE,47949,0.0068,2126,151.2,3.8,0,360,535,433,4,5,0.3,4.1,0,0,0,0
338,COAST TO SPACE,48109,0.0067,2126,151,3.8,0,360,535,433,4,5,0.3,4.1,0,0,0,0
339,COAST TO SPACE,48269,0.0065,2125,150.8,3.7,0,360,535,433,4,5,0.3,4.1,0,0,0,0
340,COAST TO SPACE,48429,0.0063,2124,150.6,3.7,0,360,535,433,4,5,0.3,4.1,0,0,0,0
341,COAST TO SPACE,48588,0.0062,2123,150.4,3.7,0,360,535,433,4,5,0.3,4.1,0,0,0,0
342,COAST TO SPACE,48747,0.006,2123,150.2,3.7,0,360,534,432,4,5,0.3,4.1,0,0,0.46,0.56
343,COAST TO SPACE,48906,0.0059,2123,150,3.7,0,360,534,432,4,5,0.3,4.1,0,0,0,0
344,COAST TO SPACE,49065,0.0057,2122,149.8,3.7,0,360,534,432,4,5,0.3,4,0,0,0,0
345,COAST TO SPACE,49224,0.0056,2121,149.6,3.7,0,360,534,432,4,5,0.3,4,0,0,0,0
346,COAST TO SPACE,49382,0.0054,2120,149.4,3.7,0,360,534,432,4,5,0.3,4,0,0,0,0
348,COAST TO SPACE,49540,0.0053,2120,149.2,3.7,0,360,534,432,4,5,0.3,4,0,0,0,0
349,COAST TO SPACE,49698,0.0052,2119,148.9,3.7,0,360,534,432,4,5,0.3,4,0,0,0,0
350,COAST TO SPACE,49856,0.005,2118,148.7,3.7,0,360,534,432,4,5,0.3,4,0,0,0,0
351,COAST TO SPACE,50013,0.0049,2118,148.5,3.7,0,360,534,432,4,5,0.3,4,0,0,0.5,0.61
352,COAST TO SPACE,50171,0.0048,2118,148.3,3.7,0,360,534,432,4,5,0.3,4,0,0,0,0
353,COAST TO SPACE,50328,0.0047,2117,148.1,3.7,0,360,534,432,4,5,0.3,4,0,0,0,0
354,COAST TO SPACE,50484,0.0045,2116,147.8,3.7,0,360,534,432,4,5,0.3,4,0,0,0,0
355,COAST TO SPACE,50641,0.0044,2116,147.6,3.7,0,360,534,432,4,5,0.3,4,0,0,0,0
356,COAST TO SPACE,50797,0.0043,2115,147.4,3.7,0,360,534,432,4,5,0.3,4,0,0,0,0
357,COAST TO SPACE,50953,0.0042,2114,147.1,3.7,0,360,534,432,4,5,0.3,4,0,0,0,0
358,COAST TO SPACE,51109,0.0041,2114,146.9,3.7,0,360,534,432,4,5,0.3,4,0,0,0,0
359,COAST TO SPACE,51264,0.004,2113,146.7,3.7,0,360,534,432,4,5,0.3,4,0,0,0,0
360,COAST TO SPACE,51420,0.0039,2112,146.4,3.7,0,360,534,432,4,5,0.3,4,0,0,0,0
361,COAST TO SPACE,51575,0.0038,2112,146.2,3.6,0,360,533,431,4,5,0.3,4,0,0,0.45,0.54
362,COAST TO SPACE,51730,0.0037,2112,146,3.6,0,360,533,431,4,5,0.3,4,0,0,0,0
363,COAST TO SPACE,51884,0.0036,2111,145.7,3.6,0,360,533,431,4,5,0.3,4,0,0,0,0
364,COAST TO SPACE,52038,0.0035,2110,145.5,3.6,0,360,533,431,4,5,0.3,4,0,0,0,0
366,COAST TO SPACE,52192,0.0034,2110,145.2,3.6,0,360,533,431,4,5,0.3,3.9,0,0,0,0
367,COAST TO SPACE,52346,0.0033,2109,145,3.6,0,360,533,431,4,5,0.3,3.9,0,0,0,0
368,COAST TO SPACE,52500,0.0032,2108,144.7,3.6,0,360,533,431,4,5,0.3,3.9,0,0,0,0
369,COAST TO SPACE,52653,0.0031,2108,144.5,3.6,0,360,533,431,4,5,0.3,3.9,0,0,0,0
370,COAST TO SPACE,52806,0.0031,2107,144.2,3.6,0,360,533,431,4,5,0.3,3.9,0,0,0,0
371,COAST TO SPACE,52958,0.003,2106,144,3.6,0,360,533,431,4,5,0.3,3.9,0,0,0,0
372,COAST TO SPACE,53111,0.0029,2106,143.7,3.6,0,360,533,431,4,5,0.3,3.9,0,0,0,0
373,COAST TO SPACE,53263,0.0028,2105,143.4,3.6,0,360,533,431,4,5,0.3,3.9,0,0,0,0
374,COAST TO SPACE,53415,0.0028,2104,143.2,3.6,0,360,533,431,4,5,0.3,3.9,0,0,0,0
375,COAST TO SPACE,53566,0.0027,2105,143,3.6,0,360,533,430,4,5,0.3,3.9,0,0,0.46,0.56
376,COAST TO SPACE,53718,0.0026,2104,142.7,3.6,0,360,533,430,4,5,0.3,3.9,0,0,0,0
377,COAST TO SPACE,53869,0.0025,2103,142.4,3.6,0,360,533,430,4,5,0.3,3.9,0,0,0,0
378,COAST TO SPACE,54019,0.0025,2103,142.2,3.6,0,360,533,430,4,5,0.3,3.9,0,0,0,0
379,COAST TO SPACE,54170,0.0024,2102,141.9,3.6,0,360,533,430,4,5,0.3,3.9,0,0,0,0
380,COAST TO SPACE,54320,0.0024,2101,141.6,3.6,0,360,533,430,4,5,0.3,3.9,0,0,0,0
381,COAST TO SPACE,54470,0.0023,2101,141.3,3.5,0,360,533,430,4,5,0.3,3.9,0,0,0,0
383,COAST TO SPACE,54620,0.0022,2100,141.1,3.5,0,360,533,430,4,5,0.3,3.9,0,0,0,0
384,COAST TO SPACE,54769,0.0022,2100,140.8,3.5,0,360,533,430,4,5,0.3,3.8,0,0,0,0
385,COAST TO SPACE,54918,0.0021,2099,140.5,3.5,0,360,533,430,4,5,0.3,3.8,0,0,0,0
386,COAST TO SPACE,55067,0.0021,2098,140.2,3.5,0,360,533,430,4,5,0.3,3.8,0,0,0,0
387,COAST TO SPACE,55215,0.002,2098,139.9,3.5,0,360,533,430,4,5,0.3,3.8,0,0,0,0
388,COAST TO SPACE,55363,0.002,2097,139.7,3.5,0,360,533,430,4,5,0.3,3.8,0,0,0,0
389,COAST TO SPACE,55511,0.0019,2096,139.4,3.5,0,360,533,430,4,5,0.3,3.8,0,0,0,0
390,COAST TO SPACE,55659,0.0019,2096,139.1,3.5,0,360,533,430,4,5,0.3,3.8,0,0,0,0
391,COAST TO SPACE,55806,0.0018,2095,138.8,3.5,0,360,533,430,4,5,0.3,3.8,0,0,0,0
392,COAST TO SPACE,55953,0.0018,2095,138.5,3.5,0,360,533,430,4,5,0.3,3.8,0,0,0,0
393,COAST TO SPACE,56099,0.0017,2094,138.2,3.5,0,360,533,430,4,5,0.3,3.8,0,0,0,0
394,COAST TO SPACE,56245,0.0017,2094,137.9,3.5,0,360,533,430,4,5,0.3,3.8,0,0,0.43,0.52
395,COAST TO SPACE,56391,0.0016,2094,137.7,3.5,0,360,533,430,4,5,0.3,3.8,0,0,0,0
396,COAST TO SPACE,56537,0.0016,2093,137.4,3.5,0,360,533,430,4,5,0.3,3.8,0,0,0,0
397,COAST TO SPACE,56683,0.0016,2092,137.1,3.5,0,360,533,430,4,5,0.3,3.8,0,0,0,0
398,COAST TO SPACE,56828,0.0015,2092,136.8,3.4,0,360,533,430,4,5,0.3,3.7,0,0,0,0
399,COAST TO SPACE,56972,0.0015,2091,136.5,3.4,0,360,533,430,4,5,0.3,3.7,0,0,0,0
401,COAST TO SPACE,57117,0.0014,2091,136.2,3.4,0,360,533,430,4,5,0.3,3.7,0,0,0,0
402,COAST TO SPACE,57261,0.0014,2090,135.9,3.4,0,360,533,430,4,5,0.3,3.7,0,0,0,0
403,COAST TO SPACE,57405,0.0014,2089,135.5,3.4,0,360,533,430,4,5,0.3,3.7,0,0,0,0
404,COAST TO SPACE,57548,0.0013,2089,135.2,3.4,0,360,533,430,4,5,0.3,3.7,0,0,0,0
405,COAST TO SPACE,57691,0.0013,2088,134.9,3.4,0,360,533,430,4,5,0.3,3.7,0,0,0,0
406,COAST TO SPACE,57834,0.0013,2088,134.6,3.4,0,360,533,430,4,5,0.3,3.7,0,0,0,0
407,COAST TO SPACE,57976,0.0012,2087,134.3,3.4,0,360,533,430,4,5,0.3,3.7,0,0,0,0
408,COAST TO SPACE,58118,0.0012,2086,134,3.4,0,360,533,430,4,5,0.3,3.7,0,0,0,0
409,COAST TO SPACE,58260,0.0012,2086,133.7,3.4,0,360,533,430,4,5,0.3,3.7,0,0,0,0
410,COAST TO SPACE,58402,0.0011,2085,133.3,3.4,0,360,533,430,4,5,0.3,3.7,0,0,0,0
411,COAST TO SPACE,58543,0.0011,2085,133,3.3,0,360,533,430,4,5,0.3,3.7,0,0,0,0
412,COAST TO SPACE,58684,0.0011,2084,132.7,3.3,0,360,533,430,4,5,0.3,3.7,0,0,0,0
413,COAST TO SPACE,58824,0.001,2084,132.4,3.3,0,360,533,430,4,5,0.3,3.6,0,0,0,0
414,COAST TO SPACE,58964,0.001,2083,132,3.3,0,360,533,430,4,5,0.3,3.6,0,0,0,0
415,COAST TO SPACE,59104,0.001,2082,131.7,3.3,0,360,533,430,4,5,0.3,3.6,0,0,0,0
416,COAST TO SPACE,59243,0.001,2082,131.4,3.3,0,360,533,430,4,5,0.3,3.6,0,0,0,0
417,COAST TO SPACE,59382,0.0009,2081,131.1,3.3,0,360,533,430,4,5,0.3,3.6,0,0,0,0
419,COAST TO SPACE,59521,0.0009,2081,130.7,3.3,0,360,533,430,4,5,0.3,3.6,0,0,0,0
420,COAST TO SPACE,59659,0.0009,2080,130.4,3.3,0,360,533,430,4,5,0.3,3.6,0,0,0,0
421,COAST TO SPACE,59797,0.0009,2080,130.1,3.3,0,360,533,430,4,5,0.3,3.6,0,0,0,0
422,COAST TO SPACE,59935,0.0008,2079,129.7,3.3,0,360,533,430,4,5,0.3,3.6,0,0,0,0
423,COAST TO SPACE,60072,0.0008,2079,129.4,3.3,0,360,533,430,4,5,0.3,3.6,0,0,0,0
424,COAST TO SPACE,60209,0.0008,2078,129,3.3,0,360,533,430,4,5,0.3,3.6,0,0,0,0
425,COAST TO SPACE,60345,0.0008,2078,128.7,3.2,0,360,533,430,4,5,0.3,3.6,0,0,0,0
426,COAST TO SPACE,60482,0.0007,2077,128.4,3.2,0,360,533,430,4,5,0.3,3.5,0,0,0,0
427,COAST TO SPACE,60617,0.0007,2076,128,3.2,0,360,533,430,4,5,0.3,3.5,0,0,0,0
428,COAST TO SPACE,60753,0.0007,2077,127.7,3.2,0,360,532,429,4,5,0.3,3.5,0,0,0.43,0.52
429,COAST TO SPACE,60888,0.0007,2076,127.4,3.2,0,360,532,429,4,5,0.3,3.5,0,0,0,0
430,COAST TO SPACE,61023,0.0007,2076,127,3.2,0,360,532,429,4,5,0.3,3.5,0,0,0,0
431,COAST TO SPACE,61157,0.0006,2075,126.7,3.2,0,360,532,429,4,5,0.3,3.5,0,0,0,0
432,COAST TO SPACE,61291,0.0006,2074,126.3,3.2,0,360,532,429,4,5,0.3,3.5,0,0,0,0
433,COAST TO SPACE,61425,0.0006,2074,126,3.2,0,360,532,429,4,5,0.3,3.5,0,0,0,0
434,COAST TO SPACE,61558,0.0006,2073,125.6,3.2,0,360,532,429,4,5,0.3,3.5,0,0,0,0
436,COAST TO SPACE,61691,0.0006,2073,125.3,3.2,0,360,532,429,4,5,0.3,3.5,0,0,0,0
437,COAST TO SPACE,61823,0.0006,2072,124.9,3.2,0,360,532,429,4,5,0.3,3.5,0,0,0,0
438,COAST TO SPACE,61955,0.0005,2072,124.5,3.2,0,360,532,429,4,5,0.3,3.4,0,0,0,0
439,COAST TO SPACE,62087,0.0005,2071,124.2,3.2,0,360,532,429,4,5,0.3,3.4,0,0,0,0
440,COAST TO SPACE,62219,0.0005,2071,123.8,3.2,0,360,532,429,4,5,0.3,3.4,0,0,0,0
441,COAST TO SPACE,62350,0.0005,2070,123.5,3.1,0,360,532,429,4,5,0.3,3.4,0,0,0,0
442,COAST TO SPACE,62480,0.0005,2070,123.1,3.1,0,360,532,429,4,5,0.3,3.4,0,0,0,0
443,COAST TO SPACE,62610,0.0005,2069,122.7,3.1,0,360,532,429,4,5,0.3,3.4,0,0,0,0
444,COAST TO SPACE,62740,0.0005,2069,122.4,3.1,0,360,532,429,4,5,0.3,3.4,0,0,0,0
445,COAST TO SPACE,62870,0.0004,2068,122,3.1,0,360,532,429,4,5,0.3,3.4,0,0,0,0
446,COAST TO SPACE,62999,0.0004,2068,121.6,3.1,0,360,532,429,4,5,0.3,3.4,0,0,0,0
447,COAST TO SPACE,63127,0.0004,2067,121.3,3.1,0,360,532,429,4,5,0.3,3.4,0,0,0,0
448,COAST TO SPACE,63256,0.0004,2067,120.9,3.1,0,360,532,429,4,5,0.3,3.4,0,0,0,0
449,COAST TO SPACE,63384,0.0004,2066,120.5,3.1,0,360,532,429,4,5,0.3,3.3,0,0,0,0
450,COAST TO SPACE,63511,0.0004,2066,120.1,3.1,0,360,532,429,4,5,0.3,3.3,0,0,0,0
451,COAST TO SPACE,63638,0.0004,2065,119.8,3,0,360,532,429,4,5,0.3,3.3,0,0,0,0
452,COAST TO SPACE,63765,0.0004,2065,119.4,3,0,360,532,429,4,5,0.3,3.3,0,0,0,0
454,COAST TO SPACE,63891,0.0003,2064,119,3,0,360,532,429,4,5,0.3,3.3,0,0,0,0
455,COAST TO SPACE,64017,0.0003,2064,118.6,3,0,360,532,429,4,5,0.3,3.3,0,0,0,0
456,COAST TO SPACE,64142,0.0003,2063,118.2,3,0,360,532,429,4,5,0.3,3.3,0,0,0,0
457,COAST TO SPACE,64267,0.0003,2063,117.9,3,0,360,532,429,4,5,0.3,3.3,0,0,0,0
458,COAST TO SPACE,64392,0.0003,2062,117.5,3,0,360,532,429,4,5,0.3,3.3,0,0,0,0
459,COAST TO SPACE,64516,0.0003,2062,117.1,3,0,360,532,429,4,5,0.3,3.3,0,0,0,0
460,COAST TO SPACE,64640,0.0003,2061,116.7,3,0,360,532,429,4,5,0.3,3.2,0,0,0,0
461,COAST TO SPACE,64764,0.0003,2061,116.3,3,0,360,532,429,4,5,0.3,3.2,0,0,0,0
462,COAST TO SPACE,64887,0.0003,2060,115.9,2.9,0,360,532,429,4,5,0.3,3.2,0,0,0,0
463,COAST TO SPACE,65009,0.0002,2060,115.5,2.9,0,360,532,429,4,5,0.3,3.2,0,0,0,0
